ID,ROOM_ID,ROOM_NUMBER,START_TIME,END_TIME
1,1,101,2020/03/23 00:00:00,2020/03/23 12:00:00
2,1,101,2020/03/23 12:00:00,2020/03/24 00:00:00
3,1,101,2020/03/24 00:00:00,2020/03/24 12:00:00
4,1,101,2020/03/24 12:00:00,2020/03/25 00:00:00
5,1,101,2020/03/25 00:00:00,2020/03/25 12:00:00
6,1,101,2020/03/25 12:00:00,2020/03/26 00:00:00
7,1,101,2020/03/26 00:00:00,2020/03/26 12:00:00
8,1,101,2020/03/26 12:00:00,2020/03/27 00:00:00
9,1,101,2020/03/27 00:00:00,2020/03/27 12:00:00
10,1,101,2020/03/27 12:00:00,2020/03/28 00:00:00
11,1,101,2020/03/28 00:00:00,2020/03/28 12:00:00
12,1,101,2020/03/28 12:00:00,2020/03/29 00:00:00
13,1,101,2020/03/29 00:00:00,2020/03/29 12:00:00
14,1,101,2020/03/29 12:00:00,2020/03/30 00:00:00
15,1,101,2020/03/30 00:00:00,2020/03/30 12:00:00
16,1,101,2020/03/30 12:00:00,2020/03/31 00:00:00
17,1,101,2020/03/31 00:00:00,2020/03/31 12:00:00
18,1,101,2020/03/31 12:00:00,2020/04/01 00:00:00
19,1,101,2020/04/01 00:00:00,2020/04/01 12:00:00
20,1,101,2020/04/01 12:00:00,2020/04/02 00:00:00
21,1,101,2020/04/02 00:00:00,2020/04/02 12:00:00
22,1,101,2020/04/02 12:00:00,2020/04/03 00:00:00
23,1,101,2020/04/03 00:00:00,2020/04/03 12:00:00
24,1,101,2020/04/03 12:00:00,2020/04/04 00:00:00
25,1,101,2020/04/04 00:00:00,2020/04/04 12:00:00
26,1,101,2020/04/04 12:00:00,2020/04/05 00:00:00
27,1,101,2020/04/05 00:00:00,2020/04/05 12:00:00
28,1,101,2020/04/05 12:00:00,2020/04/06 00:00:00
29,1,101,2020/04/06 00:00:00,2020/04/06 12:00:00
30,1,101,2020/04/06 12:00:00,2020/04/07 00:00:00
31,1,101,2020/04/07 00:00:00,2020/04/07 12:00:00
32,1,101,2020/04/07 12:00:00,2020/04/08 00:00:00
33,1,101,2020/04/08 00:00:00,2020/04/08 12:00:00
34,1,101,2020/04/08 12:00:00,2020/04/09 00:00:00
35,1,101,2020/04/09 00:00:00,2020/04/09 12:00:00
36,1,101,2020/04/09 12:00:00,2020/04/10 00:00:00
37,1,101,2020/04/10 00:00:00,2020/04/10 12:00:00
38,1,101,2020/04/10 12:00:00,2020/04/11 00:00:00
39,1,101,2020/04/11 00:00:00,2020/04/11 12:00:00
40,1,101,2020/04/11 12:00:00,2020/04/12 00:00:00
41,1,101,2020/04/12 00:00:00,2020/04/12 12:00:00
42,1,101,2020/04/12 12:00:00,2020/04/13 00:00:00
43,1,101,2020/04/13 00:00:00,2020/04/13 12:00:00
44,1,101,2020/04/13 12:00:00,2020/04/14 00:00:00
45,1,101,2020/04/14 00:00:00,2020/04/14 12:00:00
46,1,101,2020/04/14 12:00:00,2020/04/15 00:00:00
47,1,101,2020/04/15 00:00:00,2020/04/15 12:00:00
48,1,101,2020/04/15 12:00:00,2020/04/16 00:00:00
49,1,101,2020/04/16 00:00:00,2020/04/16 12:00:00
50,1,101,2020/04/16 12:00:00,2020/04/17 00:00:00
51,1,101,2020/04/17 00:00:00,2020/04/17 12:00:00
52,1,101,2020/04/17 12:00:00,2020/04/18 00:00:00
53,1,101,2020/04/18 00:00:00,2020/04/18 12:00:00
54,1,101,2020/04/18 12:00:00,2020/04/21 00:00:00
55,1,101,2020/04/21 00:00:00,2020/04/21 12:00:00
56,1,101,2020/04/21 12:00:00,2020/04/22 00:00:00
57,1,101,2020/04/22 00:00:00,2020/04/22 12:00:00
58,1,101,2020/04/22 12:00:00,2020/04/23 00:00:00
59,1,101,2020/04/23 00:00:00,2020/04/23 12:00:00
60,1,101,2020/04/23 12:00:00,2020/04/24 00:00:00
61,1,101,2020/04/24 00:00:00,2020/04/24 12:00:00
62,1,101,2020/04/24 12:00:00,2020/04/25 00:00:00
63,1,101,2020/04/25 00:00:00,2020/04/25 12:00:00
64,1,101,2020/04/25 12:00:00,2020/04/26 00:00:00
65,1,101,2020/04/26 00:00:00,2020/04/26 12:00:00
66,1,101,2020/04/26 12:00:00,2020/04/27 00:00:00
67,1,101,2020/04/27 00:00:00,2020/04/27 12:00:00
68,1,101,2020/04/27 12:00:00,2020/04/28 00:00:00
69,1,101,2020/04/28 00:00:00,2020/04/28 12:00:00
70,1,101,2020/04/28 12:00:00,2020/04/29 00:00:00
71,1,101,2020/04/29 00:00:00,2020/04/29 12:00:00
72,1,101,2020/04/29 12:00:00,2020/04/30 00:00:00
73,1,101,2020/04/30 00:00:00,2020/04/30 12:00:00
74,1,101,2020/04/30 12:00:00,2020/05/01 00:00:00
75,1,101,2020/05/01 00:00:00,2020/05/01 12:00:00
76,1,101,2020/05/01 12:00:00,2020/05/02 00:00:00
77,1,101,2020/05/02 00:00:00,2020/05/02 12:00:00
78,1,101,2020/05/02 12:00:00,2020/05/03 00:00:00
79,1,101,2020/05/03 00:00:00,2020/05/03 12:00:00
80,1,101,2020/05/03 12:00:00,2020/05/04 00:00:00
81,1,101,2020/05/04 00:00:00,2020/05/04 12:00:00
82,1,101,2020/05/04 12:00:00,2020/05/05 00:00:00
83,1,101,2020/05/05 00:00:00,2020/05/05 12:00:00
84,1,101,2020/05/05 12:00:00,2020/05/06 00:00:00
85,1,101,2020/05/06 00:00:00,2020/05/06 12:00:00
86,1,101,2020/05/06 12:00:00,2020/05/07 00:00:00
87,1,101,2020/05/07 00:00:00,2020/05/07 12:00:00
88,1,101,2020/05/07 12:00:00,2020/05/08 00:00:00
89,1,101,2020/05/08 00:00:00,2020/05/08 12:00:00
90,1,101,2020/05/08 12:00:00,2020/05/09 00:00:00
91,1,101,2020/05/09 00:00:00,2020/05/09 12:00:00
92,1,101,2020/05/09 12:00:00,2020/05/10 00:00:00
93,1,101,2020/05/10 00:00:00,2020/05/10 12:00:00
94,1,101,2020/05/10 12:00:00,2020/05/11 00:00:00
95,1,101,2020/05/11 00:00:00,2020/05/11 12:00:00
96,1,101,2020/05/11 12:00:00,2020/05/12 00:00:00
97,1,101,2020/05/12 00:00:00,2020/05/12 12:00:00
98,1,101,2020/05/12 12:00:00,2020/05/13 00:00:00
99,1,101,2020/05/13 00:00:00,2020/05/13 12:00:00
100,1,101,2020/05/13 12:00:00,2020/05/14 00:00:00
101,1,101,2020/05/14 00:00:00,2020/05/14 12:00:00
102,1,101,2020/05/14 12:00:00,2020/05/15 00:00:00
103,1,101,2020/05/15 00:00:00,2020/05/15 12:00:00
104,1,101,2020/05/15 12:00:00,2020/05/16 00:00:00
105,2,102,2020/03/23 00:00:00,2020/03/23 12:00:00
106,2,102,2020/03/23 12:00:00,2020/03/24 00:00:00
107,2,102,2020/03/24 00:00:00,2020/03/24 12:00:00
108,2,102,2020/03/24 12:00:00,2020/03/25 00:00:00
109,2,102,2020/03/25 00:00:00,2020/03/25 12:00:00
110,2,102,2020/03/25 12:00:00,2020/03/26 00:00:00
111,2,102,2020/03/26 00:00:00,2020/03/26 12:00:00
112,2,102,2020/03/26 12:00:00,2020/03/27 00:00:00
113,2,102,2020/03/27 00:00:00,2020/03/27 12:00:00
114,2,102,2020/03/27 12:00:00,2020/03/28 00:00:00
115,2,102,2020/03/28 00:00:00,2020/03/28 12:00:00
116,2,102,2020/03/28 12:00:00,2020/03/29 00:00:00
117,2,102,2020/03/29 00:00:00,2020/03/29 12:00:00
118,2,102,2020/03/29 12:00:00,2020/03/30 00:00:00
119,2,102,2020/03/30 00:00:00,2020/03/30 12:00:00
120,2,102,2020/03/30 12:00:00,2020/03/31 00:00:00
121,2,102,2020/03/31 00:00:00,2020/03/31 12:00:00
122,2,102,2020/03/31 12:00:00,2020/04/01 00:00:00
123,2,102,2020/04/01 00:00:00,2020/04/01 12:00:00
124,2,102,2020/04/01 12:00:00,2020/04/02 00:00:00
125,2,102,2020/04/02 00:00:00,2020/04/02 12:00:00
126,2,102,2020/04/02 12:00:00,2020/04/03 00:00:00
127,2,102,2020/04/03 00:00:00,2020/04/03 12:00:00
128,2,102,2020/04/03 12:00:00,2020/04/04 00:00:00
129,2,102,2020/04/04 00:00:00,2020/04/04 12:00:00
130,2,102,2020/04/04 12:00:00,2020/04/05 00:00:00
131,2,102,2020/04/05 00:00:00,2020/04/05 12:00:00
132,2,102,2020/04/05 12:00:00,2020/04/06 00:00:00
133,2,102,2020/04/06 00:00:00,2020/04/06 12:00:00
134,2,102,2020/04/06 12:00:00,2020/04/07 00:00:00
135,2,102,2020/04/07 00:00:00,2020/04/07 12:00:00
136,2,102,2020/04/07 12:00:00,2020/04/08 00:00:00
137,2,102,2020/04/08 00:00:00,2020/04/08 12:00:00
138,2,102,2020/04/08 12:00:00,2020/04/09 00:00:00
139,2,102,2020/04/09 00:00:00,2020/04/09 12:00:00
140,2,102,2020/04/09 12:00:00,2020/04/10 00:00:00
141,2,102,2020/04/10 00:00:00,2020/04/10 12:00:00
142,2,102,2020/04/10 12:00:00,2020/04/11 00:00:00
143,2,102,2020/04/11 00:00:00,2020/04/11 12:00:00
144,2,102,2020/04/11 12:00:00,2020/04/12 00:00:00
145,2,102,2020/04/12 00:00:00,2020/04/12 12:00:00
146,2,102,2020/04/12 12:00:00,2020/04/13 00:00:00
147,2,102,2020/04/13 00:00:00,2020/04/13 12:00:00
148,2,102,2020/04/13 12:00:00,2020/04/14 00:00:00
149,2,102,2020/04/14 00:00:00,2020/04/14 12:00:00
150,2,102,2020/04/14 12:00:00,2020/04/15 00:00:00
151,2,102,2020/04/15 00:00:00,2020/04/15 12:00:00
152,2,102,2020/04/15 12:00:00,2020/04/16 00:00:00
153,2,102,2020/04/16 00:00:00,2020/04/16 12:00:00
154,2,102,2020/04/16 12:00:00,2020/04/17 00:00:00
155,2,102,2020/04/17 00:00:00,2020/04/17 12:00:00
156,2,102,2020/04/17 12:00:00,2020/04/18 00:00:00
157,2,102,2020/04/18 00:00:00,2020/04/18 12:00:00
158,2,102,2020/04/18 12:00:00,2020/04/21 00:00:00
159,2,102,2020/04/21 00:00:00,2020/04/21 12:00:00
160,2,102,2020/04/21 12:00:00,2020/04/22 00:00:00
161,2,102,2020/04/22 00:00:00,2020/04/22 12:00:00
162,2,102,2020/04/22 12:00:00,2020/04/23 00:00:00
163,2,102,2020/04/23 00:00:00,2020/04/23 12:00:00
164,2,102,2020/04/23 12:00:00,2020/04/24 00:00:00
165,2,102,2020/04/24 00:00:00,2020/04/24 12:00:00
166,2,102,2020/04/24 12:00:00,2020/04/25 00:00:00
167,2,102,2020/04/25 00:00:00,2020/04/25 12:00:00
168,2,102,2020/04/25 12:00:00,2020/04/26 00:00:00
169,2,102,2020/04/26 00:00:00,2020/04/26 12:00:00
170,2,102,2020/04/26 12:00:00,2020/04/27 00:00:00
171,2,102,2020/04/27 00:00:00,2020/04/27 12:00:00
172,2,102,2020/04/27 12:00:00,2020/04/28 00:00:00
173,2,102,2020/04/28 00:00:00,2020/04/28 12:00:00
174,2,102,2020/04/28 12:00:00,2020/04/29 00:00:00
175,2,102,2020/04/29 00:00:00,2020/04/29 12:00:00
176,2,102,2020/04/29 12:00:00,2020/04/30 00:00:00
177,2,102,2020/04/30 00:00:00,2020/04/30 12:00:00
178,2,102,2020/04/30 12:00:00,2020/05/01 00:00:00
179,2,102,2020/05/01 00:00:00,2020/05/01 12:00:00
180,2,102,2020/05/01 12:00:00,2020/05/02 00:00:00
181,2,102,2020/05/02 00:00:00,2020/05/02 12:00:00
182,2,102,2020/05/02 12:00:00,2020/05/03 00:00:00
183,2,102,2020/05/03 00:00:00,2020/05/03 12:00:00
184,2,102,2020/05/03 12:00:00,2020/05/04 00:00:00
185,2,102,2020/05/04 00:00:00,2020/05/04 12:00:00
186,2,102,2020/05/04 12:00:00,2020/05/05 00:00:00
187,2,102,2020/05/05 00:00:00,2020/05/05 12:00:00
188,2,102,2020/05/05 12:00:00,2020/05/06 00:00:00
189,2,102,2020/05/06 00:00:00,2020/05/06 12:00:00
190,2,102,2020/05/06 12:00:00,2020/05/07 00:00:00
191,2,102,2020/05/07 00:00:00,2020/05/07 12:00:00
192,2,102,2020/05/07 12:00:00,2020/05/08 00:00:00
193,2,102,2020/05/08 00:00:00,2020/05/08 12:00:00
194,2,102,2020/05/08 12:00:00,2020/05/09 00:00:00
195,2,102,2020/05/09 00:00:00,2020/05/09 12:00:00
196,2,102,2020/05/09 12:00:00,2020/05/10 00:00:00
197,2,102,2020/05/10 00:00:00,2020/05/10 12:00:00
198,2,102,2020/05/10 12:00:00,2020/05/11 00:00:00
199,2,102,2020/05/11 00:00:00,2020/05/11 12:00:00
200,2,102,2020/05/11 12:00:00,2020/05/12 00:00:00
201,2,102,2020/05/12 00:00:00,2020/05/12 12:00:00
202,2,102,2020/05/12 12:00:00,2020/05/13 00:00:00
203,2,102,2020/05/13 00:00:00,2020/05/13 12:00:00
204,2,102,2020/05/13 12:00:00,2020/05/14 00:00:00
205,2,102,2020/05/14 00:00:00,2020/05/14 12:00:00
206,2,102,2020/05/14 12:00:00,2020/05/15 00:00:00
207,2,102,2020/05/15 00:00:00,2020/05/15 12:00:00
208,2,102,2020/05/15 12:00:00,2020/05/16 00:00:00
209,3,103,2020/03/23 00:00:00,2020/03/23 12:00:00
210,3,103,2020/03/23 12:00:00,2020/03/24 00:00:00
211,3,103,2020/03/24 00:00:00,2020/03/24 12:00:00
212,3,103,2020/03/24 12:00:00,2020/03/25 00:00:00
213,3,103,2020/03/25 00:00:00,2020/03/25 12:00:00
214,3,103,2020/03/25 12:00:00,2020/03/26 00:00:00
215,3,103,2020/03/26 00:00:00,2020/03/26 12:00:00
216,3,103,2020/03/26 12:00:00,2020/03/27 00:00:00
217,3,103,2020/03/27 00:00:00,2020/03/27 12:00:00
218,3,103,2020/03/27 12:00:00,2020/03/28 00:00:00
219,3,103,2020/03/28 00:00:00,2020/03/28 12:00:00
220,3,103,2020/03/28 12:00:00,2020/03/29 00:00:00
221,3,103,2020/03/29 00:00:00,2020/03/29 12:00:00
222,3,103,2020/03/29 12:00:00,2020/03/30 00:00:00
223,3,103,2020/03/30 00:00:00,2020/03/30 12:00:00
224,3,103,2020/03/30 12:00:00,2020/03/31 00:00:00
225,3,103,2020/03/31 00:00:00,2020/03/31 12:00:00
226,3,103,2020/03/31 12:00:00,2020/04/01 00:00:00
227,3,103,2020/04/01 00:00:00,2020/04/01 12:00:00
228,3,103,2020/04/01 12:00:00,2020/04/02 00:00:00
229,3,103,2020/04/02 00:00:00,2020/04/02 12:00:00
230,3,103,2020/04/02 12:00:00,2020/04/03 00:00:00
231,3,103,2020/04/03 00:00:00,2020/04/03 12:00:00
232,3,103,2020/04/03 12:00:00,2020/04/04 00:00:00
233,3,103,2020/04/04 00:00:00,2020/04/04 12:00:00
234,3,103,2020/04/04 12:00:00,2020/04/05 00:00:00
235,3,103,2020/04/05 00:00:00,2020/04/05 12:00:00
236,3,103,2020/04/05 12:00:00,2020/04/06 00:00:00
237,3,103,2020/04/06 00:00:00,2020/04/06 12:00:00
238,3,103,2020/04/06 12:00:00,2020/04/07 00:00:00
239,3,103,2020/04/07 00:00:00,2020/04/07 12:00:00
240,3,103,2020/04/07 12:00:00,2020/04/08 00:00:00
241,3,103,2020/04/08 00:00:00,2020/04/08 12:00:00
242,3,103,2020/04/08 12:00:00,2020/04/09 00:00:00
243,3,103,2020/04/09 00:00:00,2020/04/09 12:00:00
244,3,103,2020/04/09 12:00:00,2020/04/10 00:00:00
245,3,103,2020/04/10 00:00:00,2020/04/10 12:00:00
246,3,103,2020/04/10 12:00:00,2020/04/11 00:00:00
247,3,103,2020/04/11 00:00:00,2020/04/11 12:00:00
248,3,103,2020/04/11 12:00:00,2020/04/12 00:00:00
249,3,103,2020/04/12 00:00:00,2020/04/12 12:00:00
250,3,103,2020/04/12 12:00:00,2020/04/13 00:00:00
251,3,103,2020/04/13 00:00:00,2020/04/13 12:00:00
252,3,103,2020/04/13 12:00:00,2020/04/14 00:00:00
253,3,103,2020/04/14 00:00:00,2020/04/14 12:00:00
254,3,103,2020/04/14 12:00:00,2020/04/15 00:00:00
255,3,103,2020/04/15 00:00:00,2020/04/15 12:00:00
256,3,103,2020/04/15 12:00:00,2020/04/16 00:00:00
257,3,103,2020/04/16 00:00:00,2020/04/16 12:00:00
258,3,103,2020/04/16 12:00:00,2020/04/17 00:00:00
259,3,103,2020/04/17 00:00:00,2020/04/17 12:00:00
260,3,103,2020/04/17 12:00:00,2020/04/18 00:00:00
261,3,103,2020/04/18 00:00:00,2020/04/18 12:00:00
262,3,103,2020/04/18 12:00:00,2020/04/21 00:00:00
263,3,103,2020/04/21 00:00:00,2020/04/21 12:00:00
264,3,103,2020/04/21 12:00:00,2020/04/22 00:00:00
265,3,103,2020/04/22 00:00:00,2020/04/22 12:00:00
266,3,103,2020/04/22 12:00:00,2020/04/23 00:00:00
267,3,103,2020/04/23 00:00:00,2020/04/23 12:00:00
268,3,103,2020/04/23 12:00:00,2020/04/24 00:00:00
269,3,103,2020/04/24 00:00:00,2020/04/24 12:00:00
270,3,103,2020/04/24 12:00:00,2020/04/25 00:00:00
271,3,103,2020/04/25 00:00:00,2020/04/25 12:00:00
272,3,103,2020/04/25 12:00:00,2020/04/26 00:00:00
273,3,103,2020/04/26 00:00:00,2020/04/26 12:00:00
274,3,103,2020/04/26 12:00:00,2020/04/27 00:00:00
275,3,103,2020/04/27 00:00:00,2020/04/27 12:00:00
276,3,103,2020/04/27 12:00:00,2020/04/28 00:00:00
277,3,103,2020/04/28 00:00:00,2020/04/28 12:00:00
278,3,103,2020/04/28 12:00:00,2020/04/29 00:00:00
279,3,103,2020/04/29 00:00:00,2020/04/29 12:00:00
280,3,103,2020/04/29 12:00:00,2020/04/30 00:00:00
281,3,103,2020/04/30 00:00:00,2020/04/30 12:00:00
282,3,103,2020/04/30 12:00:00,2020/05/01 00:00:00
283,3,103,2020/05/01 00:00:00,2020/05/01 12:00:00
284,3,103,2020/05/01 12:00:00,2020/05/02 00:00:00
285,3,103,2020/05/02 00:00:00,2020/05/02 12:00:00
286,3,103,2020/05/02 12:00:00,2020/05/03 00:00:00
287,3,103,2020/05/03 00:00:00,2020/05/03 12:00:00
288,3,103,2020/05/03 12:00:00,2020/05/04 00:00:00
289,3,103,2020/05/04 00:00:00,2020/05/04 12:00:00
290,3,103,2020/05/04 12:00:00,2020/05/05 00:00:00
291,3,103,2020/05/05 00:00:00,2020/05/05 12:00:00
292,3,103,2020/05/05 12:00:00,2020/05/06 00:00:00
293,3,103,2020/05/06 00:00:00,2020/05/06 12:00:00
294,3,103,2020/05/06 12:00:00,2020/05/07 00:00:00
295,3,103,2020/05/07 00:00:00,2020/05/07 12:00:00
296,3,103,2020/05/07 12:00:00,2020/05/08 00:00:00
297,3,103,2020/05/08 00:00:00,2020/05/08 12:00:00
298,3,103,2020/05/08 12:00:00,2020/05/09 00:00:00
299,3,103,2020/05/09 00:00:00,2020/05/09 12:00:00
300,3,103,2020/05/09 12:00:00,2020/05/10 00:00:00
301,3,103,2020/05/10 00:00:00,2020/05/10 12:00:00
302,3,103,2020/05/10 12:00:00,2020/05/11 00:00:00
303,3,103,2020/05/11 00:00:00,2020/05/11 12:00:00
304,3,103,2020/05/11 12:00:00,2020/05/12 00:00:00
305,3,103,2020/05/12 00:00:00,2020/05/12 12:00:00
306,3,103,2020/05/12 12:00:00,2020/05/13 00:00:00
307,3,103,2020/05/13 00:00:00,2020/05/13 12:00:00
308,3,103,2020/05/13 12:00:00,2020/05/14 00:00:00
309,3,103,2020/05/14 00:00:00,2020/05/14 12:00:00
310,3,103,2020/05/14 12:00:00,2020/05/15 00:00:00
311,3,103,2020/05/15 00:00:00,2020/05/15 12:00:00
312,3,103,2020/05/15 12:00:00,2020/05/16 00:00:00
313,4,201,2020/03/23 00:00:00,2020/03/23 12:00:00
314,4,201,2020/03/23 12:00:00,2020/03/24 00:00:00
315,4,201,2020/03/24 00:00:00,2020/03/24 12:00:00
316,4,201,2020/03/24 12:00:00,2020/03/25 00:00:00
317,4,201,2020/03/25 00:00:00,2020/03/25 12:00:00
318,4,201,2020/03/25 12:00:00,2020/03/26 00:00:00
319,4,201,2020/03/26 00:00:00,2020/03/26 12:00:00
320,4,201,2020/03/26 12:00:00,2020/03/27 00:00:00
321,4,201,2020/03/27 00:00:00,2020/03/27 12:00:00
322,4,201,2020/03/27 12:00:00,2020/03/28 00:00:00
323,4,201,2020/03/28 00:00:00,2020/03/28 12:00:00
324,4,201,2020/03/28 12:00:00,2020/03/29 00:00:00
325,4,201,2020/03/29 00:00:00,2020/03/29 12:00:00
326,4,201,2020/03/29 12:00:00,2020/03/30 00:00:00
327,4,201,2020/03/30 00:00:00,2020/03/30 12:00:00
328,4,201,2020/03/30 12:00:00,2020/03/31 00:00:00
329,4,201,2020/03/31 00:00:00,2020/03/31 12:00:00
330,4,201,2020/03/31 12:00:00,2020/04/01 00:00:00
331,4,201,2020/04/01 00:00:00,2020/04/01 12:00:00
332,4,201,2020/04/01 12:00:00,2020/04/02 00:00:00
333,4,201,2020/04/02 00:00:00,2020/04/02 12:00:00
334,4,201,2020/04/02 12:00:00,2020/04/03 00:00:00
335,4,201,2020/04/03 00:00:00,2020/04/03 12:00:00
336,4,201,2020/04/03 12:00:00,2020/04/04 00:00:00
337,4,201,2020/04/04 00:00:00,2020/04/04 12:00:00
338,4,201,2020/04/04 12:00:00,2020/04/05 00:00:00
339,4,201,2020/04/05 00:00:00,2020/04/05 12:00:00
340,4,201,2020/04/05 12:00:00,2020/04/06 00:00:00
341,4,201,2020/04/06 00:00:00,2020/04/06 12:00:00
342,4,201,2020/04/06 12:00:00,2020/04/07 00:00:00
343,4,201,2020/04/07 00:00:00,2020/04/07 12:00:00
344,4,201,2020/04/07 12:00:00,2020/04/08 00:00:00
345,4,201,2020/04/08 00:00:00,2020/04/08 12:00:00
346,4,201,2020/04/08 12:00:00,2020/04/09 00:00:00
347,4,201,2020/04/09 00:00:00,2020/04/09 12:00:00
348,4,201,2020/04/09 12:00:00,2020/04/10 00:00:00
349,4,201,2020/04/10 00:00:00,2020/04/10 12:00:00
350,4,201,2020/04/10 12:00:00,2020/04/11 00:00:00
351,4,201,2020/04/11 00:00:00,2020/04/11 12:00:00
352,4,201,2020/04/11 12:00:00,2020/04/12 00:00:00
353,4,201,2020/04/12 00:00:00,2020/04/12 12:00:00
354,4,201,2020/04/12 12:00:00,2020/04/13 00:00:00
355,4,201,2020/04/13 00:00:00,2020/04/13 12:00:00
356,4,201,2020/04/13 12:00:00,2020/04/14 00:00:00
357,4,201,2020/04/14 00:00:00,2020/04/14 12:00:00
358,4,201,2020/04/14 12:00:00,2020/04/15 00:00:00
359,4,201,2020/04/15 00:00:00,2020/04/15 12:00:00
360,4,201,2020/04/15 12:00:00,2020/04/16 00:00:00
361,4,201,2020/04/16 00:00:00,2020/04/16 12:00:00
362,4,201,2020/04/16 12:00:00,2020/04/17 00:00:00
363,4,201,2020/04/17 00:00:00,2020/04/17 12:00:00
364,4,201,2020/04/17 12:00:00,2020/04/18 00:00:00
365,4,201,2020/04/18 00:00:00,2020/04/18 12:00:00
366,4,201,2020/04/18 12:00:00,2020/04/21 00:00:00
367,4,201,2020/04/21 00:00:00,2020/04/21 12:00:00
368,4,201,2020/04/21 12:00:00,2020/04/22 00:00:00
369,4,201,2020/04/22 00:00:00,2020/04/22 12:00:00
370,4,201,2020/04/22 12:00:00,2020/04/23 00:00:00
371,4,201,2020/04/23 00:00:00,2020/04/23 12:00:00
372,4,201,2020/04/23 12:00:00,2020/04/24 00:00:00
373,4,201,2020/04/24 00:00:00,2020/04/24 12:00:00
374,4,201,2020/04/24 12:00:00,2020/04/25 00:00:00
375,4,201,2020/04/25 00:00:00,2020/04/25 12:00:00
376,4,201,2020/04/25 12:00:00,2020/04/26 00:00:00
377,4,201,2020/04/26 00:00:00,2020/04/26 12:00:00
378,4,201,2020/04/26 12:00:00,2020/04/27 00:00:00
379,4,201,2020/04/27 00:00:00,2020/04/27 12:00:00
380,4,201,2020/04/27 12:00:00,2020/04/28 00:00:00
381,4,201,2020/04/28 00:00:00,2020/04/28 12:00:00
382,4,201,2020/04/28 12:00:00,2020/04/29 00:00:00
383,4,201,2020/04/29 00:00:00,2020/04/29 12:00:00
384,4,201,2020/04/29 12:00:00,2020/04/30 00:00:00
385,4,201,2020/04/30 00:00:00,2020/04/30 12:00:00
386,4,201,2020/04/30 12:00:00,2020/05/01 00:00:00
387,4,201,2020/05/01 00:00:00,2020/05/01 12:00:00
388,4,201,2020/05/01 12:00:00,2020/05/02 00:00:00
389,4,201,2020/05/02 00:00:00,2020/05/02 12:00:00
390,4,201,2020/05/02 12:00:00,2020/05/03 00:00:00
391,4,201,2020/05/03 00:00:00,2020/05/03 12:00:00
392,4,201,2020/05/03 12:00:00,2020/05/04 00:00:00
393,4,201,2020/05/04 00:00:00,2020/05/04 12:00:00
394,4,201,2020/05/04 12:00:00,2020/05/05 00:00:00
395,4,201,2020/05/05 00:00:00,2020/05/05 12:00:00
396,4,201,2020/05/05 12:00:00,2020/05/06 00:00:00
397,4,201,2020/05/06 00:00:00,2020/05/06 12:00:00
398,4,201,2020/05/06 12:00:00,2020/05/07 00:00:00
399,4,201,2020/05/07 00:00:00,2020/05/07 12:00:00
400,4,201,2020/05/07 12:00:00,2020/05/08 00:00:00
401,4,201,2020/05/08 00:00:00,2020/05/08 12:00:00
402,4,201,2020/05/08 12:00:00,2020/05/09 00:00:00
403,4,201,2020/05/09 00:00:00,2020/05/09 12:00:00
404,4,201,2020/05/09 12:00:00,2020/05/10 00:00:00
405,4,201,2020/05/10 00:00:00,2020/05/10 12:00:00
406,4,201,2020/05/10 12:00:00,2020/05/11 00:00:00
407,4,201,2020/05/11 00:00:00,2020/05/11 12:00:00
408,4,201,2020/05/11 12:00:00,2020/05/12 00:00:00
409,4,201,2020/05/12 00:00:00,2020/05/12 12:00:00
410,4,201,2020/05/12 12:00:00,2020/05/13 00:00:00
411,4,201,2020/05/13 00:00:00,2020/05/13 12:00:00
412,4,201,2020/05/13 12:00:00,2020/05/14 00:00:00
413,4,201,2020/05/14 00:00:00,2020/05/14 12:00:00
414,4,201,2020/05/14 12:00:00,2020/05/15 00:00:00
415,4,201,2020/05/15 00:00:00,2020/05/15 12:00:00
416,4,201,2020/05/15 12:00:00,2020/05/16 00:00:00
417,6,203,2020/03/23 00:00:00,2020/03/23 12:00:00
418,6,203,2020/03/23 12:00:00,2020/03/24 00:00:00
419,6,203,2020/03/24 00:00:00,2020/03/24 12:00:00
420,6,203,2020/03/24 12:00:00,2020/03/25 00:00:00
421,6,203,2020/03/25 00:00:00,2020/03/25 12:00:00
422,6,203,2020/03/25 12:00:00,2020/03/26 00:00:00
423,6,203,2020/03/26 00:00:00,2020/03/26 12:00:00
424,6,203,2020/03/26 12:00:00,2020/03/27 00:00:00
425,6,203,2020/03/27 00:00:00,2020/03/27 12:00:00
426,6,203,2020/03/27 12:00:00,2020/03/28 00:00:00
427,6,203,2020/03/28 00:00:00,2020/03/28 12:00:00
428,6,203,2020/03/28 12:00:00,2020/03/29 00:00:00
429,6,203,2020/03/29 00:00:00,2020/03/29 12:00:00
430,6,203,2020/03/29 12:00:00,2020/03/30 00:00:00
431,6,203,2020/03/30 00:00:00,2020/03/30 12:00:00
432,6,203,2020/03/30 12:00:00,2020/03/31 00:00:00
433,6,203,2020/03/31 00:00:00,2020/03/31 12:00:00
434,6,203,2020/03/31 12:00:00,2020/04/01 00:00:00
435,6,203,2020/04/01 00:00:00,2020/04/01 12:00:00
436,6,203,2020/04/01 12:00:00,2020/04/02 00:00:00
437,6,203,2020/04/02 00:00:00,2020/04/02 12:00:00
438,6,203,2020/04/02 12:00:00,2020/04/03 00:00:00
439,6,203,2020/04/03 00:00:00,2020/04/03 12:00:00
440,6,203,2020/04/03 12:00:00,2020/04/04 00:00:00
441,6,203,2020/04/04 00:00:00,2020/04/04 12:00:00
442,6,203,2020/04/04 12:00:00,2020/04/05 00:00:00
443,6,203,2020/04/05 00:00:00,2020/04/05 12:00:00
444,6,203,2020/04/05 12:00:00,2020/04/06 00:00:00
445,6,203,2020/04/06 00:00:00,2020/04/06 12:00:00
446,6,203,2020/04/06 12:00:00,2020/04/07 00:00:00
447,6,203,2020/04/07 00:00:00,2020/04/07 12:00:00
448,6,203,2020/04/07 12:00:00,2020/04/08 00:00:00
449,6,203,2020/04/08 00:00:00,2020/04/08 12:00:00
450,6,203,2020/04/08 12:00:00,2020/04/09 00:00:00
451,6,203,2020/04/09 00:00:00,2020/04/09 12:00:00
452,6,203,2020/04/09 12:00:00,2020/04/10 00:00:00
453,6,203,2020/04/10 00:00:00,2020/04/10 12:00:00
454,6,203,2020/04/10 12:00:00,2020/04/11 00:00:00
455,6,203,2020/04/11 00:00:00,2020/04/11 12:00:00
456,6,203,2020/04/11 12:00:00,2020/04/12 00:00:00
457,6,203,2020/04/12 00:00:00,2020/04/12 12:00:00
458,6,203,2020/04/12 12:00:00,2020/04/13 00:00:00
459,6,203,2020/04/13 00:00:00,2020/04/13 12:00:00
460,6,203,2020/04/13 12:00:00,2020/04/14 00:00:00
461,6,203,2020/04/14 00:00:00,2020/04/14 12:00:00
462,6,203,2020/04/14 12:00:00,2020/04/15 00:00:00
463,6,203,2020/04/15 00:00:00,2020/04/15 12:00:00
464,6,203,2020/04/15 12:00:00,2020/04/16 00:00:00
465,6,203,2020/04/16 00:00:00,2020/04/16 12:00:00
466,6,203,2020/04/16 12:00:00,2020/04/17 00:00:00
467,6,203,2020/04/17 00:00:00,2020/04/17 12:00:00
468,6,203,2020/04/17 12:00:00,2020/04/18 00:00:00
469,6,203,2020/04/18 00:00:00,2020/04/18 12:00:00
470,6,203,2020/04/18 12:00:00,2020/04/21 00:00:00
471,6,203,2020/04/21 00:00:00,2020/04/21 12:00:00
472,6,203,2020/04/21 12:00:00,2020/04/22 00:00:00
473,6,203,2020/04/22 00:00:00,2020/04/22 12:00:00
474,6,203,2020/04/22 12:00:00,2020/04/23 00:00:00
475,6,203,2020/04/23 00:00:00,2020/04/23 12:00:00
476,6,203,2020/04/23 12:00:00,2020/04/24 00:00:00
477,6,203,2020/04/24 00:00:00,2020/04/24 12:00:00
478,6,203,2020/04/24 12:00:00,2020/04/25 00:00:00
479,6,203,2020/04/25 00:00:00,2020/04/25 12:00:00
480,6,203,2020/04/25 12:00:00,2020/04/26 00:00:00
481,6,203,2020/04/26 00:00:00,2020/04/26 12:00:00
482,6,203,2020/04/26 12:00:00,2020/04/27 00:00:00
483,6,203,2020/04/27 00:00:00,2020/04/27 12:00:00
484,6,203,2020/04/27 12:00:00,2020/04/28 00:00:00
485,6,203,2020/04/28 00:00:00,2020/04/28 12:00:00
486,6,203,2020/04/28 12:00:00,2020/04/29 00:00:00
487,6,203,2020/04/29 00:00:00,2020/04/29 12:00:00
488,6,203,2020/04/29 12:00:00,2020/04/30 00:00:00
489,6,203,2020/04/30 00:00:00,2020/04/30 12:00:00
490,6,203,2020/04/30 12:00:00,2020/05/01 00:00:00
491,6,203,2020/05/01 00:00:00,2020/05/01 12:00:00
492,6,203,2020/05/01 12:00:00,2020/05/02 00:00:00
493,6,203,2020/05/02 00:00:00,2020/05/02 12:00:00
494,6,203,2020/05/02 12:00:00,2020/05/03 00:00:00
495,6,203,2020/05/03 00:00:00,2020/05/03 12:00:00
496,6,203,2020/05/03 12:00:00,2020/05/04 00:00:00
497,6,203,2020/05/04 00:00:00,2020/05/04 12:00:00
498,6,203,2020/05/04 12:00:00,2020/05/05 00:00:00
499,6,203,2020/05/05 00:00:00,2020/05/05 12:00:00
500,6,203,2020/05/05 12:00:00,2020/05/06 00:00:00
501,6,203,2020/05/06 00:00:00,2020/05/06 12:00:00
502,6,203,2020/05/06 12:00:00,2020/05/07 00:00:00
503,6,203,2020/05/07 00:00:00,2020/05/07 12:00:00
504,6,203,2020/05/07 12:00:00,2020/05/08 00:00:00
505,6,203,2020/05/08 00:00:00,2020/05/08 12:00:00
506,6,203,2020/05/08 12:00:00,2020/05/09 00:00:00
507,6,203,2020/05/09 00:00:00,2020/05/09 12:00:00
508,6,203,2020/05/09 12:00:00,2020/05/10 00:00:00
509,6,203,2020/05/10 00:00:00,2020/05/10 12:00:00
510,6,203,2020/05/10 12:00:00,2020/05/11 00:00:00
511,6,203,2020/05/11 00:00:00,2020/05/11 12:00:00
512,6,203,2020/05/11 12:00:00,2020/05/12 00:00:00
513,6,203,2020/05/12 00:00:00,2020/05/12 12:00:00
514,6,203,2020/05/12 12:00:00,2020/05/13 00:00:00
515,6,203,2020/05/13 00:00:00,2020/05/13 12:00:00
516,6,203,2020/05/13 12:00:00,2020/05/14 00:00:00
517,6,203,2020/05/14 00:00:00,2020/05/14 12:00:00
518,6,203,2020/05/14 12:00:00,2020/05/15 00:00:00
519,6,203,2020/05/15 00:00:00,2020/05/15 12:00:00
520,6,203,2020/05/15 12:00:00,2020/05/16 00:00:00
521,7,301,2020/03/23 00:00:00,2020/03/23 12:00:00
522,7,301,2020/03/23 12:00:00,2020/03/24 00:00:00
523,7,301,2020/03/24 00:00:00,2020/03/24 12:00:00
524,7,301,2020/03/24 12:00:00,2020/03/25 00:00:00
525,7,301,2020/03/25 00:00:00,2020/03/25 12:00:00
526,7,301,2020/03/25 12:00:00,2020/03/26 00:00:00
527,7,301,2020/03/26 00:00:00,2020/03/26 12:00:00
528,7,301,2020/03/26 12:00:00,2020/03/27 00:00:00
529,7,301,2020/03/27 00:00:00,2020/03/27 12:00:00
530,7,301,2020/03/27 12:00:00,2020/03/28 00:00:00
531,7,301,2020/03/28 00:00:00,2020/03/28 12:00:00
532,7,301,2020/03/28 12:00:00,2020/03/29 00:00:00
533,7,301,2020/03/29 00:00:00,2020/03/29 12:00:00
534,7,301,2020/03/29 12:00:00,2020/03/30 00:00:00
535,7,301,2020/03/30 00:00:00,2020/03/30 12:00:00
536,7,301,2020/03/30 12:00:00,2020/03/31 00:00:00
537,7,301,2020/03/31 00:00:00,2020/03/31 12:00:00
538,7,301,2020/03/31 12:00:00,2020/04/01 00:00:00
539,7,301,2020/04/01 00:00:00,2020/04/01 12:00:00
540,7,301,2020/04/01 12:00:00,2020/04/02 00:00:00
541,7,301,2020/04/02 00:00:00,2020/04/02 12:00:00
542,7,301,2020/04/02 12:00:00,2020/04/03 00:00:00
543,7,301,2020/04/03 00:00:00,2020/04/03 12:00:00
544,7,301,2020/04/03 12:00:00,2020/04/04 00:00:00
545,7,301,2020/04/04 00:00:00,2020/04/04 12:00:00
546,7,301,2020/04/04 12:00:00,2020/04/05 00:00:00
547,7,301,2020/04/05 00:00:00,2020/04/05 12:00:00
548,7,301,2020/04/05 12:00:00,2020/04/06 00:00:00
549,7,301,2020/04/06 00:00:00,2020/04/06 12:00:00
550,7,301,2020/04/06 12:00:00,2020/04/07 00:00:00
551,7,301,2020/04/07 00:00:00,2020/04/07 12:00:00
552,7,301,2020/04/07 12:00:00,2020/04/08 00:00:00
553,7,301,2020/04/08 00:00:00,2020/04/08 12:00:00
554,7,301,2020/04/08 12:00:00,2020/04/09 00:00:00
555,7,301,2020/04/09 00:00:00,2020/04/09 12:00:00
556,7,301,2020/04/09 12:00:00,2020/04/10 00:00:00
557,7,301,2020/04/10 00:00:00,2020/04/10 12:00:00
558,7,301,2020/04/10 12:00:00,2020/04/11 00:00:00
559,7,301,2020/04/11 00:00:00,2020/04/11 12:00:00
560,7,301,2020/04/11 12:00:00,2020/04/12 00:00:00
561,7,301,2020/04/12 00:00:00,2020/04/12 12:00:00
562,7,301,2020/04/12 12:00:00,2020/04/13 00:00:00
563,7,301,2020/04/13 00:00:00,2020/04/13 12:00:00
564,7,301,2020/04/13 12:00:00,2020/04/14 00:00:00
565,7,301,2020/04/14 00:00:00,2020/04/14 12:00:00
566,7,301,2020/04/14 12:00:00,2020/04/15 00:00:00
567,7,301,2020/04/15 00:00:00,2020/04/15 12:00:00
568,7,301,2020/04/15 12:00:00,2020/04/16 00:00:00
569,7,301,2020/04/16 00:00:00,2020/04/16 12:00:00
570,7,301,2020/04/16 12:00:00,2020/04/17 00:00:00
571,7,301,2020/04/17 00:00:00,2020/04/17 12:00:00
572,7,301,2020/04/17 12:00:00,2020/04/18 00:00:00
573,7,301,2020/04/18 00:00:00,2020/04/18 12:00:00
574,7,301,2020/04/18 12:00:00,2020/04/21 00:00:00
575,7,301,2020/04/21 00:00:00,2020/04/21 12:00:00
576,7,301,2020/04/21 12:00:00,2020/04/22 00:00:00
577,7,301,2020/04/22 00:00:00,2020/04/22 12:00:00
578,7,301,2020/04/22 12:00:00,2020/04/23 00:00:00
579,7,301,2020/04/23 00:00:00,2020/04/23 12:00:00
580,7,301,2020/04/23 12:00:00,2020/04/24 00:00:00
581,7,301,2020/04/24 00:00:00,2020/04/24 12:00:00
582,7,301,2020/04/24 12:00:00,2020/04/25 00:00:00
583,7,301,2020/04/25 00:00:00,2020/04/25 12:00:00
584,7,301,2020/04/25 12:00:00,2020/04/26 00:00:00
585,7,301,2020/04/26 00:00:00,2020/04/26 12:00:00
586,7,301,2020/04/26 12:00:00,2020/04/27 00:00:00
587,7,301,2020/04/27 00:00:00,2020/04/27 12:00:00
588,7,301,2020/04/27 12:00:00,2020/04/28 00:00:00
589,7,301,2020/04/28 00:00:00,2020/04/28 12:00:00
590,7,301,2020/04/28 12:00:00,2020/04/29 00:00:00
591,7,301,2020/04/29 00:00:00,2020/04/29 12:00:00
592,7,301,2020/04/29 12:00:00,2020/04/30 00:00:00
593,7,301,2020/04/30 00:00:00,2020/04/30 12:00:00
594,7,301,2020/04/30 12:00:00,2020/05/01 00:00:00
595,7,301,2020/05/01 00:00:00,2020/05/01 12:00:00
596,7,301,2020/05/01 12:00:00,2020/05/02 00:00:00
597,7,301,2020/05/02 00:00:00,2020/05/02 12:00:00
598,7,301,2020/05/02 12:00:00,2020/05/03 00:00:00
599,7,301,2020/05/03 00:00:00,2020/05/03 12:00:00
600,7,301,2020/05/03 12:00:00,2020/05/04 00:00:00
601,7,301,2020/05/04 00:00:00,2020/05/04 12:00:00
602,7,301,2020/05/04 12:00:00,2020/05/05 00:00:00
603,7,301,2020/05/05 00:00:00,2020/05/05 12:00:00
604,7,301,2020/05/05 12:00:00,2020/05/06 00:00:00
605,7,301,2020/05/06 00:00:00,2020/05/06 12:00:00
606,7,301,2020/05/06 12:00:00,2020/05/07 00:00:00
607,7,301,2020/05/07 00:00:00,2020/05/07 12:00:00
608,7,301,2020/05/07 12:00:00,2020/05/08 00:00:00
609,7,301,2020/05/08 00:00:00,2020/05/08 12:00:00
610,7,301,2020/05/08 12:00:00,2020/05/09 00:00:00
611,7,301,2020/05/09 00:00:00,2020/05/09 12:00:00
612,7,301,2020/05/09 12:00:00,2020/05/10 00:00:00
613,7,301,2020/05/10 00:00:00,2020/05/10 12:00:00
614,7,301,2020/05/10 12:00:00,2020/05/11 00:00:00
615,7,301,2020/05/11 00:00:00,2020/05/11 12:00:00
616,7,301,2020/05/11 12:00:00,2020/05/12 00:00:00
617,7,301,2020/05/12 00:00:00,2020/05/12 12:00:00
618,7,301,2020/05/12 12:00:00,2020/05/13 00:00:00
619,7,301,2020/05/13 00:00:00,2020/05/13 12:00:00
620,7,301,2020/05/13 12:00:00,2020/05/14 00:00:00
621,7,301,2020/05/14 00:00:00,2020/05/14 12:00:00
622,7,301,2020/05/14 12:00:00,2020/05/15 00:00:00
623,7,301,2020/05/15 00:00:00,2020/05/15 12:00:00
624,7,301,2020/05/15 12:00:00,2020/05/16 00:00:00
625,9,303,2020/03/23 00:00:00,2020/03/23 12:00:00
626,9,303,2020/03/23 12:00:00,2020/03/24 00:00:00
627,9,303,2020/03/24 00:00:00,2020/03/24 12:00:00
628,9,303,2020/03/24 12:00:00,2020/03/25 00:00:00
629,9,303,2020/03/25 00:00:00,2020/03/25 12:00:00
630,9,303,2020/03/25 12:00:00,2020/03/26 00:00:00
631,9,303,2020/03/26 00:00:00,2020/03/26 12:00:00
632,9,303,2020/03/26 12:00:00,2020/03/27 00:00:00
633,9,303,2020/03/27 00:00:00,2020/03/27 12:00:00
634,9,303,2020/03/27 12:00:00,2020/03/28 00:00:00
635,9,303,2020/03/28 00:00:00,2020/03/28 12:00:00
636,9,303,2020/03/28 12:00:00,2020/03/29 00:00:00
637,9,303,2020/03/29 00:00:00,2020/03/29 12:00:00
638,9,303,2020/03/29 12:00:00,2020/03/30 00:00:00
639,9,303,2020/03/30 00:00:00,2020/03/30 12:00:00
640,9,303,2020/03/30 12:00:00,2020/03/31 00:00:00
641,9,303,2020/03/31 00:00:00,2020/03/31 12:00:00
642,9,303,2020/03/31 12:00:00,2020/04/01 00:00:00
643,9,303,2020/04/01 00:00:00,2020/04/01 12:00:00
644,9,303,2020/04/01 12:00:00,2020/04/02 00:00:00
645,9,303,2020/04/02 00:00:00,2020/04/02 12:00:00
646,9,303,2020/04/02 12:00:00,2020/04/03 00:00:00
647,9,303,2020/04/03 00:00:00,2020/04/03 12:00:00
648,9,303,2020/04/03 12:00:00,2020/04/04 00:00:00
649,9,303,2020/04/04 00:00:00,2020/04/04 12:00:00
650,9,303,2020/04/04 12:00:00,2020/04/05 00:00:00
651,9,303,2020/04/05 00:00:00,2020/04/05 12:00:00
652,9,303,2020/04/05 12:00:00,2020/04/06 00:00:00
653,9,303,2020/04/06 00:00:00,2020/04/06 12:00:00
654,9,303,2020/04/06 12:00:00,2020/04/07 00:00:00
655,9,303,2020/04/07 00:00:00,2020/04/07 12:00:00
656,9,303,2020/04/07 12:00:00,2020/04/08 00:00:00
657,9,303,2020/04/08 00:00:00,2020/04/08 12:00:00
658,9,303,2020/04/08 12:00:00,2020/04/09 00:00:00
659,9,303,2020/04/09 00:00:00,2020/04/09 12:00:00
660,9,303,2020/04/09 12:00:00,2020/04/10 00:00:00
661,9,303,2020/04/10 00:00:00,2020/04/10 12:00:00
662,9,303,2020/04/10 12:00:00,2020/04/11 00:00:00
663,9,303,2020/04/11 00:00:00,2020/04/11 12:00:00
664,9,303,2020/04/11 12:00:00,2020/04/12 00:00:00
665,9,303,2020/04/12 00:00:00,2020/04/12 12:00:00
666,9,303,2020/04/12 12:00:00,2020/04/13 00:00:00
667,9,303,2020/04/13 00:00:00,2020/04/13 12:00:00
668,9,303,2020/04/13 12:00:00,2020/04/14 00:00:00
669,9,303,2020/04/14 00:00:00,2020/04/14 12:00:00
670,9,303,2020/04/14 12:00:00,2020/04/15 00:00:00
671,9,303,2020/04/15 00:00:00,2020/04/15 12:00:00
672,9,303,2020/04/15 12:00:00,2020/04/16 00:00:00
673,9,303,2020/04/16 00:00:00,2020/04/16 12:00:00
674,9,303,2020/04/16 12:00:00,2020/04/17 00:00:00
675,9,303,2020/04/17 00:00:00,2020/04/17 12:00:00
676,9,303,2020/04/17 12:00:00,2020/04/18 00:00:00
677,9,303,2020/04/18 00:00:00,2020/04/18 12:00:00
678,9,303,2020/04/18 12:00:00,2020/04/21 00:00:00
679,9,303,2020/04/21 00:00:00,2020/04/21 12:00:00
680,9,303,2020/04/21 12:00:00,2020/04/22 00:00:00
681,9,303,2020/04/22 00:00:00,2020/04/22 12:00:00
682,9,303,2020/04/22 12:00:00,2020/04/23 00:00:00
683,9,303,2020/04/23 00:00:00,2020/04/23 12:00:00
684,9,303,2020/04/23 12:00:00,2020/04/24 00:00:00
685,9,303,2020/04/24 00:00:00,2020/04/24 12:00:00
686,9,303,2020/04/24 12:00:00,2020/04/25 00:00:00
687,9,303,2020/04/25 00:00:00,2020/04/25 12:00:00
688,9,303,2020/04/25 12:00:00,2020/04/26 00:00:00
689,9,303,2020/04/26 00:00:00,2020/04/26 12:00:00
690,9,303,2020/04/26 12:00:00,2020/04/27 00:00:00
691,9,303,2020/04/27 00:00:00,2020/04/27 12:00:00
692,9,303,2020/04/27 12:00:00,2020/04/28 00:00:00
693,9,303,2020/04/28 00:00:00,2020/04/28 12:00:00
694,9,303,2020/04/28 12:00:00,2020/04/29 00:00:00
695,9,303,2020/04/29 00:00:00,2020/04/29 12:00:00
696,9,303,2020/04/29 12:00:00,2020/04/30 00:00:00
697,9,303,2020/04/30 00:00:00,2020/04/30 12:00:00
698,9,303,2020/04/30 12:00:00,2020/05/01 00:00:00
699,9,303,2020/05/01 00:00:00,2020/05/01 12:00:00
700,9,303,2020/05/01 12:00:00,2020/05/02 00:00:00
701,9,303,2020/05/02 00:00:00,2020/05/02 12:00:00
702,9,303,2020/05/02 12:00:00,2020/05/03 00:00:00
703,9,303,2020/05/03 00:00:00,2020/05/03 12:00:00
704,9,303,2020/05/03 12:00:00,2020/05/04 00:00:00
705,9,303,2020/05/04 00:00:00,2020/05/04 12:00:00
706,9,303,2020/05/04 12:00:00,2020/05/05 00:00:00
707,9,303,2020/05/05 00:00:00,2020/05/05 12:00:00
708,9,303,2020/05/05 12:00:00,2020/05/06 00:00:00
709,9,303,2020/05/06 00:00:00,2020/05/06 12:00:00
710,9,303,2020/05/06 12:00:00,2020/05/07 00:00:00
711,9,303,2020/05/07 00:00:00,2020/05/07 12:00:00
712,9,303,2020/05/07 12:00:00,2020/05/08 00:00:00
713,9,303,2020/05/08 00:00:00,2020/05/08 12:00:00
714,9,303,2020/05/08 12:00:00,2020/05/09 00:00:00
715,9,303,2020/05/09 00:00:00,2020/05/09 12:00:00
716,9,303,2020/05/09 12:00:00,2020/05/10 00:00:00
717,9,303,2020/05/10 00:00:00,2020/05/10 12:00:00
718,9,303,2020/05/10 12:00:00,2020/05/11 00:00:00
719,9,303,2020/05/11 00:00:00,2020/05/11 12:00:00
720,9,303,2020/05/11 12:00:00,2020/05/12 00:00:00
721,9,303,2020/05/12 00:00:00,2020/05/12 12:00:00
722,9,303,2020/05/12 12:00:00,2020/05/13 00:00:00
723,9,303,2020/05/13 00:00:00,2020/05/13 12:00:00
724,9,303,2020/05/13 12:00:00,2020/05/14 00:00:00
725,9,303,2020/05/14 00:00:00,2020/05/14 12:00:00
726,9,303,2020/05/14 12:00:00,2020/05/15 00:00:00
727,9,303,2020/05/15 00:00:00,2020/05/15 12:00:00
728,9,303,2020/05/15 12:00:00,2020/05/16 00:00:00
729,10,401,2020/03/23 00:00:00,2020/03/23 12:00:00
730,10,401,2020/03/23 12:00:00,2020/03/24 00:00:00
731,10,401,2020/03/24 00:00:00,2020/03/24 12:00:00
732,10,401,2020/03/24 12:00:00,2020/03/25 00:00:00
733,10,401,2020/03/25 00:00:00,2020/03/25 12:00:00
734,10,401,2020/03/25 12:00:00,2020/03/26 00:00:00
735,10,401,2020/03/26 00:00:00,2020/03/26 12:00:00
736,10,401,2020/03/26 12:00:00,2020/03/27 00:00:00
737,10,401,2020/03/27 00:00:00,2020/03/27 12:00:00
738,10,401,2020/03/27 12:00:00,2020/03/28 00:00:00
739,10,401,2020/03/28 00:00:00,2020/03/28 12:00:00
740,10,401,2020/03/28 12:00:00,2020/03/29 00:00:00
741,10,401,2020/03/29 00:00:00,2020/03/29 12:00:00
742,10,401,2020/03/29 12:00:00,2020/03/30 00:00:00
743,10,401,2020/03/30 00:00:00,2020/03/30 12:00:00
744,10,401,2020/03/30 12:00:00,2020/03/31 00:00:00
745,10,401,2020/03/31 00:00:00,2020/03/31 12:00:00
746,10,401,2020/03/31 12:00:00,2020/04/01 00:00:00
747,10,401,2020/04/01 00:00:00,2020/04/01 12:00:00
748,10,401,2020/04/01 12:00:00,2020/04/02 00:00:00
749,10,401,2020/04/02 00:00:00,2020/04/02 12:00:00
750,10,401,2020/04/02 12:00:00,2020/04/03 00:00:00
751,10,401,2020/04/03 00:00:00,2020/04/03 12:00:00
752,10,401,2020/04/03 12:00:00,2020/04/04 00:00:00
753,10,401,2020/04/04 00:00:00,2020/04/04 12:00:00
754,10,401,2020/04/04 12:00:00,2020/04/05 00:00:00
755,10,401,2020/04/05 00:00:00,2020/04/05 12:00:00
756,10,401,2020/04/05 12:00:00,2020/04/06 00:00:00
757,10,401,2020/04/06 00:00:00,2020/04/06 12:00:00
758,10,401,2020/04/06 12:00:00,2020/04/07 00:00:00
759,10,401,2020/04/07 00:00:00,2020/04/07 12:00:00
760,10,401,2020/04/07 12:00:00,2020/04/08 00:00:00
761,10,401,2020/04/08 00:00:00,2020/04/08 12:00:00
762,10,401,2020/04/08 12:00:00,2020/04/09 00:00:00
763,10,401,2020/04/09 00:00:00,2020/04/09 12:00:00
764,10,401,2020/04/09 12:00:00,2020/04/10 00:00:00
765,10,401,2020/04/10 00:00:00,2020/04/10 12:00:00
766,10,401,2020/04/10 12:00:00,2020/04/11 00:00:00
767,10,401,2020/04/11 00:00:00,2020/04/11 12:00:00
768,10,401,2020/04/11 12:00:00,2020/04/12 00:00:00
769,10,401,2020/04/12 00:00:00,2020/04/12 12:00:00
770,10,401,2020/04/12 12:00:00,2020/04/13 00:00:00
771,10,401,2020/04/13 00:00:00,2020/04/13 12:00:00
772,10,401,2020/04/13 12:00:00,2020/04/14 00:00:00
773,10,401,2020/04/14 00:00:00,2020/04/14 12:00:00
774,10,401,2020/04/14 12:00:00,2020/04/15 00:00:00
775,10,401,2020/04/15 00:00:00,2020/04/15 12:00:00
776,10,401,2020/04/15 12:00:00,2020/04/16 00:00:00
777,10,401,2020/04/16 00:00:00,2020/04/16 12:00:00
778,10,401,2020/04/16 12:00:00,2020/04/17 00:00:00
779,10,401,2020/04/17 00:00:00,2020/04/17 12:00:00
780,10,401,2020/04/17 12:00:00,2020/04/18 00:00:00
781,10,401,2020/04/18 00:00:00,2020/04/18 12:00:00
782,10,401,2020/04/18 12:00:00,2020/04/21 00:00:00
783,10,401,2020/04/21 00:00:00,2020/04/21 12:00:00
784,10,401,2020/04/21 12:00:00,2020/04/22 00:00:00
785,10,401,2020/04/22 00:00:00,2020/04/22 12:00:00
786,10,401,2020/04/22 12:00:00,2020/04/23 00:00:00
787,10,401,2020/04/23 00:00:00,2020/04/23 12:00:00
788,10,401,2020/04/23 12:00:00,2020/04/24 00:00:00
789,10,401,2020/04/24 00:00:00,2020/04/24 12:00:00
790,10,401,2020/04/24 12:00:00,2020/04/25 00:00:00
791,10,401,2020/04/25 00:00:00,2020/04/25 12:00:00
792,10,401,2020/04/25 12:00:00,2020/04/26 00:00:00
793,10,401,2020/04/26 00:00:00,2020/04/26 12:00:00
794,10,401,2020/04/26 12:00:00,2020/04/27 00:00:00
795,10,401,2020/04/27 00:00:00,2020/04/27 12:00:00
796,10,401,2020/04/27 12:00:00,2020/04/28 00:00:00
797,10,401,2020/04/28 00:00:00,2020/04/28 12:00:00
798,10,401,2020/04/28 12:00:00,2020/04/29 00:00:00
799,10,401,2020/04/29 00:00:00,2020/04/29 12:00:00
800,10,401,2020/04/29 12:00:00,2020/04/30 00:00:00
801,10,401,2020/04/30 00:00:00,2020/04/30 12:00:00
802,10,401,2020/04/30 12:00:00,2020/05/01 00:00:00
803,10,401,2020/05/01 00:00:00,2020/05/01 12:00:00
804,10,401,2020/05/01 12:00:00,2020/05/02 00:00:00
805,10,401,2020/05/02 00:00:00,2020/05/02 12:00:00
806,10,401,2020/05/02 12:00:00,2020/05/03 00:00:00
807,10,401,2020/05/03 00:00:00,2020/05/03 12:00:00
808,10,401,2020/05/03 12:00:00,2020/05/04 00:00:00
809,10,401,2020/05/04 00:00:00,2020/05/04 12:00:00
810,10,401,2020/05/04 12:00:00,2020/05/05 00:00:00
811,10,401,2020/05/05 00:00:00,2020/05/05 12:00:00
812,10,401,2020/05/05 12:00:00,2020/05/06 00:00:00
813,10,401,2020/05/06 00:00:00,2020/05/06 12:00:00
814,10,401,2020/05/06 12:00:00,2020/05/07 00:00:00
815,10,401,2020/05/07 00:00:00,2020/05/07 12:00:00
816,10,401,2020/05/07 12:00:00,2020/05/08 00:00:00
817,10,401,2020/05/08 00:00:00,2020/05/08 12:00:00
818,10,401,2020/05/08 12:00:00,2020/05/09 00:00:00
819,10,401,2020/05/09 00:00:00,2020/05/09 12:00:00
820,10,401,2020/05/09 12:00:00,2020/05/10 00:00:00
821,10,401,2020/05/10 00:00:00,2020/05/10 12:00:00
822,10,401,2020/05/10 12:00:00,2020/05/11 00:00:00
823,10,401,2020/05/11 00:00:00,2020/05/11 12:00:00
824,10,401,2020/05/11 12:00:00,2020/05/12 00:00:00
825,10,401,2020/05/12 00:00:00,2020/05/12 12:00:00
826,10,401,2020/05/12 12:00:00,2020/05/13 00:00:00
827,10,401,2020/05/13 00:00:00,2020/05/13 12:00:00
828,10,401,2020/05/13 12:00:00,2020/05/14 00:00:00
829,10,401,2020/05/14 00:00:00,2020/05/14 12:00:00
830,10,401,2020/05/14 12:00:00,2020/05/15 00:00:00
831,10,401,2020/05/15 00:00:00,2020/05/15 12:00:00
832,10,401,2020/05/15 12:00:00,2020/05/16 00:00:00
833,12,403,2020/03/23 00:00:00,2020/03/23 12:00:00
834,12,403,2020/03/23 12:00:00,2020/03/24 00:00:00
835,12,403,2020/03/24 00:00:00,2020/03/24 12:00:00
836,12,403,2020/03/24 12:00:00,2020/03/25 00:00:00
837,12,403,2020/03/25 00:00:00,2020/03/25 12:00:00
838,12,403,2020/03/25 12:00:00,2020/03/26 00:00:00
839,12,403,2020/03/26 00:00:00,2020/03/26 12:00:00
840,12,403,2020/03/26 12:00:00,2020/03/27 00:00:00
841,12,403,2020/03/27 00:00:00,2020/03/27 12:00:00
842,12,403,2020/03/27 12:00:00,2020/03/28 00:00:00
843,12,403,2020/03/28 00:00:00,2020/03/28 12:00:00
844,12,403,2020/03/28 12:00:00,2020/03/29 00:00:00
845,12,403,2020/03/29 00:00:00,2020/03/29 12:00:00
846,12,403,2020/03/29 12:00:00,2020/03/30 00:00:00
847,12,403,2020/03/30 00:00:00,2020/03/30 12:00:00
848,12,403,2020/03/30 12:00:00,2020/03/31 00:00:00
849,12,403,2020/03/31 00:00:00,2020/03/31 12:00:00
850,12,403,2020/03/31 12:00:00,2020/04/01 00:00:00
851,12,403,2020/04/01 00:00:00,2020/04/01 12:00:00
852,12,403,2020/04/01 12:00:00,2020/04/02 00:00:00
853,12,403,2020/04/02 00:00:00,2020/04/02 12:00:00
854,12,403,2020/04/02 12:00:00,2020/04/03 00:00:00
855,12,403,2020/04/03 00:00:00,2020/04/03 12:00:00
856,12,403,2020/04/03 12:00:00,2020/04/04 00:00:00
857,12,403,2020/04/04 00:00:00,2020/04/04 12:00:00
858,12,403,2020/04/04 12:00:00,2020/04/05 00:00:00
859,12,403,2020/04/05 00:00:00,2020/04/05 12:00:00
860,12,403,2020/04/05 12:00:00,2020/04/06 00:00:00
861,12,403,2020/04/06 00:00:00,2020/04/06 12:00:00
862,12,403,2020/04/06 12:00:00,2020/04/07 00:00:00
863,12,403,2020/04/07 00:00:00,2020/04/07 12:00:00
864,12,403,2020/04/07 12:00:00,2020/04/08 00:00:00
865,12,403,2020/04/08 00:00:00,2020/04/08 12:00:00
866,12,403,2020/04/08 12:00:00,2020/04/09 00:00:00
867,12,403,2020/04/09 00:00:00,2020/04/09 12:00:00
868,12,403,2020/04/09 12:00:00,2020/04/10 00:00:00
869,12,403,2020/04/10 00:00:00,2020/04/10 12:00:00
870,12,403,2020/04/10 12:00:00,2020/04/11 00:00:00
871,12,403,2020/04/11 00:00:00,2020/04/11 12:00:00
872,12,403,2020/04/11 12:00:00,2020/04/12 00:00:00
873,12,403,2020/04/12 00:00:00,2020/04/12 12:00:00
874,12,403,2020/04/12 12:00:00,2020/04/13 00:00:00
875,12,403,2020/04/13 00:00:00,2020/04/13 12:00:00
876,12,403,2020/04/13 12:00:00,2020/04/14 00:00:00
877,12,403,2020/04/14 00:00:00,2020/04/14 12:00:00
878,12,403,2020/04/14 12:00:00,2020/04/15 00:00:00
879,12,403,2020/04/15 00:00:00,2020/04/15 12:00:00
880,12,403,2020/04/15 12:00:00,2020/04/16 00:00:00
881,12,403,2020/04/16 00:00:00,2020/04/16 12:00:00
882,12,403,2020/04/16 12:00:00,2020/04/17 00:00:00
883,12,403,2020/04/17 00:00:00,2020/04/17 12:00:00
884,12,403,2020/04/17 12:00:00,2020/04/18 00:00:00
885,12,403,2020/04/18 00:00:00,2020/04/18 12:00:00
886,12,403,2020/04/18 12:00:00,2020/04/21 00:00:00
887,12,403,2020/04/21 00:00:00,2020/04/21 12:00:00
888,12,403,2020/04/21 12:00:00,2020/04/22 00:00:00
889,12,403,2020/04/22 00:00:00,2020/04/22 12:00:00
890,12,403,2020/04/22 12:00:00,2020/04/23 00:00:00
891,12,403,2020/04/23 00:00:00,2020/04/23 12:00:00
892,12,403,2020/04/23 12:00:00,2020/04/24 00:00:00
893,12,403,2020/04/24 00:00:00,2020/04/24 12:00:00
894,12,403,2020/04/24 12:00:00,2020/04/25 00:00:00
895,12,403,2020/04/25 00:00:00,2020/04/25 12:00:00
896,12,403,2020/04/25 12:00:00,2020/04/26 00:00:00
897,12,403,2020/04/26 00:00:00,2020/04/26 12:00:00
898,12,403,2020/04/26 12:00:00,2020/04/27 00:00:00
899,12,403,2020/04/27 00:00:00,2020/04/27 12:00:00
900,12,403,2020/04/27 12:00:00,2020/04/28 00:00:00
901,12,403,2020/04/28 00:00:00,2020/04/28 12:00:00
902,12,403,2020/04/28 12:00:00,2020/04/29 00:00:00
903,12,403,2020/04/29 00:00:00,2020/04/29 12:00:00
904,12,403,2020/04/29 12:00:00,2020/04/30 00:00:00
905,12,403,2020/04/30 00:00:00,2020/04/30 12:00:00
906,12,403,2020/04/30 12:00:00,2020/05/01 00:00:00
907,12,403,2020/05/01 00:00:00,2020/05/01 12:00:00
908,12,403,2020/05/01 12:00:00,2020/05/02 00:00:00
909,12,403,2020/05/02 00:00:00,2020/05/02 12:00:00
910,12,403,2020/05/02 12:00:00,2020/05/03 00:00:00
911,12,403,2020/05/03 00:00:00,2020/05/03 12:00:00
912,12,403,2020/05/03 12:00:00,2020/05/04 00:00:00
913,12,403,2020/05/04 00:00:00,2020/05/04 12:00:00
914,12,403,2020/05/04 12:00:00,2020/05/05 00:00:00
915,12,403,2020/05/05 00:00:00,2020/05/05 12:00:00
916,12,403,2020/05/05 12:00:00,2020/05/06 00:00:00
917,12,403,2020/05/06 00:00:00,2020/05/06 12:00:00
918,12,403,2020/05/06 12:00:00,2020/05/07 00:00:00
919,12,403,2020/05/07 00:00:00,2020/05/07 12:00:00
920,12,403,2020/05/07 12:00:00,2020/05/08 00:00:00
921,12,403,2020/05/08 00:00:00,2020/05/08 12:00:00
922,12,403,2020/05/08 12:00:00,2020/05/09 00:00:00
923,12,403,2020/05/09 00:00:00,2020/05/09 12:00:00
924,12,403,2020/05/09 12:00:00,2020/05/10 00:00:00
925,12,403,2020/05/10 00:00:00,2020/05/10 12:00:00
926,12,403,2020/05/10 12:00:00,2020/05/11 00:00:00
927,12,403,2020/05/11 00:00:00,2020/05/11 12:00:00
928,12,403,2020/05/11 12:00:00,2020/05/12 00:00:00
929,12,403,2020/05/12 00:00:00,2020/05/12 12:00:00
930,12,403,2020/05/12 12:00:00,2020/05/13 00:00:00
931,12,403,2020/05/13 00:00:00,2020/05/13 12:00:00
932,12,403,2020/05/13 12:00:00,2020/05/14 00:00:00
933,12,403,2020/05/14 00:00:00,2020/05/14 12:00:00
934,12,403,2020/05/14 12:00:00,2020/05/15 00:00:00
935,12,403,2020/05/15 00:00:00,2020/05/15 12:00:00
936,12,403,2020/05/15 12:00:00,2020/05/16 00:00:00
937,13,501,2020/03/23 00:00:00,2020/03/23 12:00:00
938,13,501,2020/03/23 12:00:00,2020/03/24 00:00:00
939,13,501,2020/03/24 00:00:00,2020/03/24 12:00:00
940,13,501,2020/03/24 12:00:00,2020/03/25 00:00:00
941,13,501,2020/03/25 00:00:00,2020/03/25 12:00:00
942,13,501,2020/03/25 12:00:00,2020/03/26 00:00:00
943,13,501,2020/03/26 00:00:00,2020/03/26 12:00:00
944,13,501,2020/03/26 12:00:00,2020/03/27 00:00:00
945,13,501,2020/03/27 00:00:00,2020/03/27 12:00:00
946,13,501,2020/03/27 12:00:00,2020/03/28 00:00:00
947,13,501,2020/03/28 00:00:00,2020/03/28 12:00:00
948,13,501,2020/03/28 12:00:00,2020/03/29 00:00:00
949,13,501,2020/03/29 00:00:00,2020/03/29 12:00:00
950,13,501,2020/03/29 12:00:00,2020/03/30 00:00:00
951,13,501,2020/03/30 00:00:00,2020/03/30 12:00:00
952,13,501,2020/03/30 12:00:00,2020/03/31 00:00:00
953,13,501,2020/03/31 00:00:00,2020/03/31 12:00:00
954,13,501,2020/03/31 12:00:00,2020/04/01 00:00:00
955,13,501,2020/04/01 00:00:00,2020/04/01 12:00:00
956,13,501,2020/04/01 12:00:00,2020/04/02 00:00:00
957,13,501,2020/04/02 00:00:00,2020/04/02 12:00:00
958,13,501,2020/04/02 12:00:00,2020/04/03 00:00:00
959,13,501,2020/04/03 00:00:00,2020/04/03 12:00:00
960,13,501,2020/04/03 12:00:00,2020/04/04 00:00:00
961,13,501,2020/04/04 00:00:00,2020/04/04 12:00:00
962,13,501,2020/04/04 12:00:00,2020/04/05 00:00:00
963,13,501,2020/04/05 00:00:00,2020/04/05 12:00:00
964,13,501,2020/04/05 12:00:00,2020/04/06 00:00:00
965,13,501,2020/04/06 00:00:00,2020/04/06 12:00:00
966,13,501,2020/04/06 12:00:00,2020/04/07 00:00:00
967,13,501,2020/04/07 00:00:00,2020/04/07 12:00:00
968,13,501,2020/04/07 12:00:00,2020/04/08 00:00:00
969,13,501,2020/04/08 00:00:00,2020/04/08 12:00:00
970,13,501,2020/04/08 12:00:00,2020/04/09 00:00:00
971,13,501,2020/04/09 00:00:00,2020/04/09 12:00:00
972,13,501,2020/04/09 12:00:00,2020/04/10 00:00:00
973,13,501,2020/04/10 00:00:00,2020/04/10 12:00:00
974,13,501,2020/04/10 12:00:00,2020/04/11 00:00:00
975,13,501,2020/04/11 00:00:00,2020/04/11 12:00:00
976,13,501,2020/04/11 12:00:00,2020/04/12 00:00:00
977,13,501,2020/04/12 00:00:00,2020/04/12 12:00:00
978,13,501,2020/04/12 12:00:00,2020/04/13 00:00:00
979,13,501,2020/04/13 00:00:00,2020/04/13 12:00:00
980,13,501,2020/04/13 12:00:00,2020/04/14 00:00:00
981,13,501,2020/04/14 00:00:00,2020/04/14 12:00:00
982,13,501,2020/04/14 12:00:00,2020/04/15 00:00:00
983,13,501,2020/04/15 00:00:00,2020/04/15 12:00:00
984,13,501,2020/04/15 12:00:00,2020/04/16 00:00:00
985,13,501,2020/04/16 00:00:00,2020/04/16 12:00:00
986,13,501,2020/04/16 12:00:00,2020/04/17 00:00:00
987,13,501,2020/04/17 00:00:00,2020/04/17 12:00:00
988,13,501,2020/04/17 12:00:00,2020/04/18 00:00:00
989,13,501,2020/04/18 00:00:00,2020/04/18 12:00:00
990,13,501,2020/04/18 12:00:00,2020/04/21 00:00:00
991,13,501,2020/04/21 00:00:00,2020/04/21 12:00:00
992,13,501,2020/04/21 12:00:00,2020/04/22 00:00:00
993,13,501,2020/04/22 00:00:00,2020/04/22 12:00:00
994,13,501,2020/04/22 12:00:00,2020/04/23 00:00:00
995,13,501,2020/04/23 00:00:00,2020/04/23 12:00:00
996,13,501,2020/04/23 12:00:00,2020/04/24 00:00:00
997,13,501,2020/04/24 00:00:00,2020/04/24 12:00:00
998,13,501,2020/04/24 12:00:00,2020/04/25 00:00:00
999,13,501,2020/04/25 00:00:00,2020/04/25 12:00:00
1000,13,501,2020/04/25 12:00:00,2020/04/26 00:00:00
1001,13,501,2020/04/26 00:00:00,2020/04/26 12:00:00
1002,13,501,2020/04/26 12:00:00,2020/04/27 00:00:00
1003,13,501,2020/04/27 00:00:00,2020/04/27 12:00:00
1004,13,501,2020/04/27 12:00:00,2020/04/28 00:00:00
1005,13,501,2020/04/28 00:00:00,2020/04/28 12:00:00
1006,13,501,2020/04/28 12:00:00,2020/04/29 00:00:00
1007,13,501,2020/04/29 00:00:00,2020/04/29 12:00:00
1008,13,501,2020/04/29 12:00:00,2020/04/30 00:00:00
1009,13,501,2020/04/30 00:00:00,2020/04/30 12:00:00
1010,13,501,2020/04/30 12:00:00,2020/05/01 00:00:00
1011,13,501,2020/05/01 00:00:00,2020/05/01 12:00:00
1012,13,501,2020/05/01 12:00:00,2020/05/02 00:00:00
1013,13,501,2020/05/02 00:00:00,2020/05/02 12:00:00
1014,13,501,2020/05/02 12:00:00,2020/05/03 00:00:00
1015,13,501,2020/05/03 00:00:00,2020/05/03 12:00:00
1016,13,501,2020/05/03 12:00:00,2020/05/04 00:00:00
1017,13,501,2020/05/04 00:00:00,2020/05/04 12:00:00
1018,13,501,2020/05/04 12:00:00,2020/05/05 00:00:00
1019,13,501,2020/05/05 00:00:00,2020/05/05 12:00:00
1020,13,501,2020/05/05 12:00:00,2020/05/06 00:00:00
1021,13,501,2020/05/06 00:00:00,2020/05/06 12:00:00
1022,13,501,2020/05/06 12:00:00,2020/05/07 00:00:00
1023,13,501,2020/05/07 00:00:00,2020/05/07 12:00:00
1024,13,501,2020/05/07 12:00:00,2020/05/08 00:00:00
1025,13,501,2020/05/08 00:00:00,2020/05/08 12:00:00
1026,13,501,2020/05/08 12:00:00,2020/05/09 00:00:00
1027,13,501,2020/05/09 00:00:00,2020/05/09 12:00:00
1028,13,501,2020/05/09 12:00:00,2020/05/10 00:00:00
1029,13,501,2020/05/10 00:00:00,2020/05/10 12:00:00
1030,13,501,2020/05/10 12:00:00,2020/05/11 00:00:00
1031,13,501,2020/05/11 00:00:00,2020/05/11 12:00:00
1032,13,501,2020/05/11 12:00:00,2020/05/12 00:00:00
1033,13,501,2020/05/12 00:00:00,2020/05/12 12:00:00
1034,13,501,2020/05/12 12:00:00,2020/05/13 00:00:00
1035,13,501,2020/05/13 00:00:00,2020/05/13 12:00:00
1036,13,501,2020/05/13 12:00:00,2020/05/14 00:00:00
1037,13,501,2020/05/14 00:00:00,2020/05/14 12:00:00
1038,13,501,2020/05/14 12:00:00,2020/05/15 00:00:00
1039,13,501,2020/05/15 00:00:00,2020/05/15 12:00:00
1040,13,501,2020/05/15 12:00:00,2020/05/16 00:00:00
1041,15,503,2020/03/23 00:00:00,2020/03/23 12:00:00
1042,15,503,2020/03/23 12:00:00,2020/03/24 00:00:00
1043,15,503,2020/03/24 00:00:00,2020/03/24 12:00:00
1044,15,503,2020/03/24 12:00:00,2020/03/25 00:00:00
1045,15,503,2020/03/25 00:00:00,2020/03/25 12:00:00
1046,15,503,2020/03/25 12:00:00,2020/03/26 00:00:00
1047,15,503,2020/03/26 00:00:00,2020/03/26 12:00:00
1048,15,503,2020/03/26 12:00:00,2020/03/27 00:00:00
1049,15,503,2020/03/27 00:00:00,2020/03/27 12:00:00
1050,15,503,2020/03/27 12:00:00,2020/03/28 00:00:00
1051,15,503,2020/03/28 00:00:00,2020/03/28 12:00:00
1052,15,503,2020/03/28 12:00:00,2020/03/29 00:00:00
1053,15,503,2020/03/29 00:00:00,2020/03/29 12:00:00
1054,15,503,2020/03/29 12:00:00,2020/03/30 00:00:00
1055,15,503,2020/03/30 00:00:00,2020/03/30 12:00:00
1056,15,503,2020/03/30 12:00:00,2020/03/31 00:00:00
1057,15,503,2020/03/31 00:00:00,2020/03/31 12:00:00
1058,15,503,2020/03/31 12:00:00,2020/04/01 00:00:00
1059,15,503,2020/04/01 00:00:00,2020/04/01 12:00:00
1060,15,503,2020/04/01 12:00:00,2020/04/02 00:00:00
1061,15,503,2020/04/02 00:00:00,2020/04/02 12:00:00
1062,15,503,2020/04/02 12:00:00,2020/04/03 00:00:00
1063,15,503,2020/04/03 00:00:00,2020/04/03 12:00:00
1064,15,503,2020/04/03 12:00:00,2020/04/04 00:00:00
1065,15,503,2020/04/04 00:00:00,2020/04/04 12:00:00
1066,15,503,2020/04/04 12:00:00,2020/04/05 00:00:00
1067,15,503,2020/04/05 00:00:00,2020/04/05 12:00:00
1068,15,503,2020/04/05 12:00:00,2020/04/06 00:00:00
1069,15,503,2020/04/06 00:00:00,2020/04/06 12:00:00
1070,15,503,2020/04/06 12:00:00,2020/04/07 00:00:00
1071,15,503,2020/04/07 00:00:00,2020/04/07 12:00:00
1072,15,503,2020/04/07 12:00:00,2020/04/08 00:00:00
1073,15,503,2020/04/08 00:00:00,2020/04/08 12:00:00
1074,15,503,2020/04/08 12:00:00,2020/04/09 00:00:00
1075,15,503,2020/04/09 00:00:00,2020/04/09 12:00:00
1076,15,503,2020/04/09 12:00:00,2020/04/10 00:00:00
1077,15,503,2020/04/10 00:00:00,2020/04/10 12:00:00
1078,15,503,2020/04/10 12:00:00,2020/04/11 00:00:00
1079,15,503,2020/04/11 00:00:00,2020/04/11 12:00:00
1080,15,503,2020/04/11 12:00:00,2020/04/12 00:00:00
1081,15,503,2020/04/12 00:00:00,2020/04/12 12:00:00
1082,15,503,2020/04/12 12:00:00,2020/04/13 00:00:00
1083,15,503,2020/04/13 00:00:00,2020/04/13 12:00:00
1084,15,503,2020/04/13 12:00:00,2020/04/14 00:00:00
1085,15,503,2020/04/14 00:00:00,2020/04/14 12:00:00
1086,15,503,2020/04/14 12:00:00,2020/04/15 00:00:00
1087,15,503,2020/04/15 00:00:00,2020/04/15 12:00:00
1088,15,503,2020/04/15 12:00:00,2020/04/16 00:00:00
1089,15,503,2020/04/16 00:00:00,2020/04/16 12:00:00
1090,15,503,2020/04/16 12:00:00,2020/04/17 00:00:00
1091,15,503,2020/04/17 00:00:00,2020/04/17 12:00:00
1092,15,503,2020/04/17 12:00:00,2020/04/18 00:00:00
1093,15,503,2020/04/18 00:00:00,2020/04/18 12:00:00
1094,15,503,2020/04/18 12:00:00,2020/04/21 00:00:00
1095,15,503,2020/04/21 00:00:00,2020/04/21 12:00:00
1096,15,503,2020/04/21 12:00:00,2020/04/22 00:00:00
1097,15,503,2020/04/22 00:00:00,2020/04/22 12:00:00
1098,15,503,2020/04/22 12:00:00,2020/04/23 00:00:00
1099,15,503,2020/04/23 00:00:00,2020/04/23 12:00:00
1100,15,503,2020/04/23 12:00:00,2020/04/24 00:00:00
1101,15,503,2020/04/24 00:00:00,2020/04/24 12:00:00
1102,15,503,2020/04/24 12:00:00,2020/04/25 00:00:00
1103,15,503,2020/04/25 00:00:00,2020/04/25 12:00:00
1104,15,503,2020/04/25 12:00:00,2020/04/26 00:00:00
1105,15,503,2020/04/26 00:00:00,2020/04/26 12:00:00
1106,15,503,2020/04/26 12:00:00,2020/04/27 00:00:00
1107,15,503,2020/04/27 00:00:00,2020/04/27 12:00:00
1108,15,503,2020/04/27 12:00:00,2020/04/28 00:00:00
1109,15,503,2020/04/28 00:00:00,2020/04/28 12:00:00
1110,15,503,2020/04/28 12:00:00,2020/04/29 00:00:00
1111,15,503,2020/04/29 00:00:00,2020/04/29 12:00:00
1112,15,503,2020/04/29 12:00:00,2020/04/30 00:00:00
1113,15,503,2020/04/30 00:00:00,2020/04/30 12:00:00
1114,15,503,2020/04/30 12:00:00,2020/05/01 00:00:00
1115,15,503,2020/05/01 00:00:00,2020/05/01 12:00:00
1116,15,503,2020/05/01 12:00:00,2020/05/02 00:00:00
1117,15,503,2020/05/02 00:00:00,2020/05/02 12:00:00
1118,15,503,2020/05/02 12:00:00,2020/05/03 00:00:00
1119,15,503,2020/05/03 00:00:00,2020/05/03 12:00:00
1120,15,503,2020/05/03 12:00:00,2020/05/04 00:00:00
1121,15,503,2020/05/04 00:00:00,2020/05/04 12:00:00
1122,15,503,2020/05/04 12:00:00,2020/05/05 00:00:00
1123,15,503,2020/05/05 00:00:00,2020/05/05 12:00:00
1124,15,503,2020/05/05 12:00:00,2020/05/06 00:00:00
1125,15,503,2020/05/06 00:00:00,2020/05/06 12:00:00
1126,15,503,2020/05/06 12:00:00,2020/05/07 00:00:00
1127,15,503,2020/05/07 00:00:00,2020/05/07 12:00:00
1128,15,503,2020/05/07 12:00:00,2020/05/08 00:00:00
1129,15,503,2020/05/08 00:00:00,2020/05/08 12:00:00
1130,15,503,2020/05/08 12:00:00,2020/05/09 00:00:00
1131,15,503,2020/05/09 00:00:00,2020/05/09 12:00:00
1132,15,503,2020/05/09 12:00:00,2020/05/10 00:00:00
1133,15,503,2020/05/10 00:00:00,2020/05/10 12:00:00
1134,15,503,2020/05/10 12:00:00,2020/05/11 00:00:00
1135,15,503,2020/05/11 00:00:00,2020/05/11 12:00:00
1136,15,503,2020/05/11 12:00:00,2020/05/12 00:00:00
1137,15,503,2020/05/12 00:00:00,2020/05/12 12:00:00
1138,15,503,2020/05/12 12:00:00,2020/05/13 00:00:00
1139,15,503,2020/05/13 00:00:00,2020/05/13 12:00:00
1140,15,503,2020/05/13 12:00:00,2020/05/14 00:00:00
1141,15,503,2020/05/14 00:00:00,2020/05/14 12:00:00
1142,15,503,2020/05/14 12:00:00,2020/05/15 00:00:00
1143,15,503,2020/05/15 00:00:00,2020/05/15 12:00:00
1144,15,503,2020/05/15 12:00:00,2020/05/16 00:00:00
1145,16,601,2020/03/23 00:00:00,2020/03/23 12:00:00
1146,16,601,2020/03/23 12:00:00,2020/03/24 00:00:00
1147,16,601,2020/03/24 00:00:00,2020/03/24 12:00:00
1148,16,601,2020/03/24 12:00:00,2020/03/25 00:00:00
1149,16,601,2020/03/25 00:00:00,2020/03/25 12:00:00
1150,16,601,2020/03/25 12:00:00,2020/03/26 00:00:00
1151,16,601,2020/03/26 00:00:00,2020/03/26 12:00:00
1152,16,601,2020/03/26 12:00:00,2020/03/27 00:00:00
1153,16,601,2020/03/27 00:00:00,2020/03/27 12:00:00
1154,16,601,2020/03/27 12:00:00,2020/03/28 00:00:00
1155,16,601,2020/03/28 00:00:00,2020/03/28 12:00:00
1156,16,601,2020/03/28 12:00:00,2020/03/29 00:00:00
1157,16,601,2020/03/29 00:00:00,2020/03/29 12:00:00
1158,16,601,2020/03/29 12:00:00,2020/03/30 00:00:00
1159,16,601,2020/03/30 00:00:00,2020/03/30 12:00:00
1160,16,601,2020/03/30 12:00:00,2020/03/31 00:00:00
1161,16,601,2020/03/31 00:00:00,2020/03/31 12:00:00
1162,16,601,2020/03/31 12:00:00,2020/04/01 00:00:00
1163,16,601,2020/04/01 00:00:00,2020/04/01 12:00:00
1164,16,601,2020/04/01 12:00:00,2020/04/02 00:00:00
1165,16,601,2020/04/02 00:00:00,2020/04/02 12:00:00
1166,16,601,2020/04/02 12:00:00,2020/04/03 00:00:00
1167,16,601,2020/04/03 00:00:00,2020/04/03 12:00:00
1168,16,601,2020/04/03 12:00:00,2020/04/04 00:00:00
1169,16,601,2020/04/04 00:00:00,2020/04/04 12:00:00
1170,16,601,2020/04/04 12:00:00,2020/04/05 00:00:00
1171,16,601,2020/04/05 00:00:00,2020/04/05 12:00:00
1172,16,601,2020/04/05 12:00:00,2020/04/06 00:00:00
1173,16,601,2020/04/06 00:00:00,2020/04/06 12:00:00
1174,16,601,2020/04/06 12:00:00,2020/04/07 00:00:00
1175,16,601,2020/04/07 00:00:00,2020/04/07 12:00:00
1176,16,601,2020/04/07 12:00:00,2020/04/08 00:00:00
1177,16,601,2020/04/08 00:00:00,2020/04/08 12:00:00
1178,16,601,2020/04/08 12:00:00,2020/04/09 00:00:00
1179,16,601,2020/04/09 00:00:00,2020/04/09 12:00:00
1180,16,601,2020/04/09 12:00:00,2020/04/10 00:00:00
1181,16,601,2020/04/10 00:00:00,2020/04/10 12:00:00
1182,16,601,2020/04/10 12:00:00,2020/04/11 00:00:00
1183,16,601,2020/04/11 00:00:00,2020/04/11 12:00:00
1184,16,601,2020/04/11 12:00:00,2020/04/12 00:00:00
1185,16,601,2020/04/12 00:00:00,2020/04/12 12:00:00
1186,16,601,2020/04/12 12:00:00,2020/04/13 00:00:00
1187,16,601,2020/04/13 00:00:00,2020/04/13 12:00:00
1188,16,601,2020/04/13 12:00:00,2020/04/14 00:00:00
1189,16,601,2020/04/14 00:00:00,2020/04/14 12:00:00
1190,16,601,2020/04/14 12:00:00,2020/04/15 00:00:00
1191,16,601,2020/04/15 00:00:00,2020/04/15 12:00:00
1192,16,601,2020/04/15 12:00:00,2020/04/16 00:00:00
1193,16,601,2020/04/16 00:00:00,2020/04/16 12:00:00
1194,16,601,2020/04/16 12:00:00,2020/04/17 00:00:00
1195,16,601,2020/04/17 00:00:00,2020/04/17 12:00:00
1196,16,601,2020/04/17 12:00:00,2020/04/18 00:00:00
1197,16,601,2020/04/18 00:00:00,2020/04/18 12:00:00
1198,16,601,2020/04/18 12:00:00,2020/04/21 00:00:00
1199,16,601,2020/04/21 00:00:00,2020/04/21 12:00:00
1200,16,601,2020/04/21 12:00:00,2020/04/22 00:00:00
1201,16,601,2020/04/22 00:00:00,2020/04/22 12:00:00
1202,16,601,2020/04/22 12:00:00,2020/04/23 00:00:00
1203,16,601,2020/04/23 00:00:00,2020/04/23 12:00:00
1204,16,601,2020/04/23 12:00:00,2020/04/24 00:00:00
1205,16,601,2020/04/24 00:00:00,2020/04/24 12:00:00
1206,16,601,2020/04/24 12:00:00,2020/04/25 00:00:00
1207,16,601,2020/04/25 00:00:00,2020/04/25 12:00:00
1208,16,601,2020/04/25 12:00:00,2020/04/26 00:00:00
1209,16,601,2020/04/26 00:00:00,2020/04/26 12:00:00
1210,16,601,2020/04/26 12:00:00,2020/04/27 00:00:00
1211,16,601,2020/04/27 00:00:00,2020/04/27 12:00:00
1212,16,601,2020/04/27 12:00:00,2020/04/28 00:00:00
1213,16,601,2020/04/28 00:00:00,2020/04/28 12:00:00
1214,16,601,2020/04/28 12:00:00,2020/04/29 00:00:00
1215,16,601,2020/04/29 00:00:00,2020/04/29 12:00:00
1216,16,601,2020/04/29 12:00:00,2020/04/30 00:00:00
1217,16,601,2020/04/30 00:00:00,2020/04/30 12:00:00
1218,16,601,2020/04/30 12:00:00,2020/05/01 00:00:00
1219,16,601,2020/05/01 00:00:00,2020/05/01 12:00:00
1220,16,601,2020/05/01 12:00:00,2020/05/02 00:00:00
1221,16,601,2020/05/02 00:00:00,2020/05/02 12:00:00
1222,16,601,2020/05/02 12:00:00,2020/05/03 00:00:00
1223,16,601,2020/05/03 00:00:00,2020/05/03 12:00:00
1224,16,601,2020/05/03 12:00:00,2020/05/04 00:00:00
1225,16,601,2020/05/04 00:00:00,2020/05/04 12:00:00
1226,16,601,2020/05/04 12:00:00,2020/05/05 00:00:00
1227,16,601,2020/05/05 00:00:00,2020/05/05 12:00:00
1228,16,601,2020/05/05 12:00:00,2020/05/06 00:00:00
1229,16,601,2020/05/06 00:00:00,2020/05/06 12:00:00
1230,16,601,2020/05/06 12:00:00,2020/05/07 00:00:00
1231,16,601,2020/05/07 00:00:00,2020/05/07 12:00:00
1232,16,601,2020/05/07 12:00:00,2020/05/08 00:00:00
1233,16,601,2020/05/08 00:00:00,2020/05/08 12:00:00
1234,16,601,2020/05/08 12:00:00,2020/05/09 00:00:00
1235,16,601,2020/05/09 00:00:00,2020/05/09 12:00:00
1236,16,601,2020/05/09 12:00:00,2020/05/10 00:00:00
1237,16,601,2020/05/10 00:00:00,2020/05/10 12:00:00
1238,16,601,2020/05/10 12:00:00,2020/05/11 00:00:00
1239,16,601,2020/05/11 00:00:00,2020/05/11 12:00:00
1240,16,601,2020/05/11 12:00:00,2020/05/12 00:00:00
1241,16,601,2020/05/12 00:00:00,2020/05/12 12:00:00
1242,16,601,2020/05/12 12:00:00,2020/05/13 00:00:00
1243,16,601,2020/05/13 00:00:00,2020/05/13 12:00:00
1244,16,601,2020/05/13 12:00:00,2020/05/14 00:00:00
1245,16,601,2020/05/14 00:00:00,2020/05/14 12:00:00
1246,16,601,2020/05/14 12:00:00,2020/05/15 00:00:00
1247,16,601,2020/05/15 00:00:00,2020/05/15 12:00:00
1248,16,601,2020/05/15 12:00:00,2020/05/16 00:00:00
1249,17,602,2020/03/23 00:00:00,2020/03/23 12:00:00
1250,17,602,2020/03/23 12:00:00,2020/03/24 00:00:00
1251,17,602,2020/03/24 00:00:00,2020/03/24 12:00:00
1252,17,602,2020/03/24 12:00:00,2020/03/25 00:00:00
1253,17,602,2020/03/25 00:00:00,2020/03/25 12:00:00
1254,17,602,2020/03/25 12:00:00,2020/03/26 00:00:00
1255,17,602,2020/03/26 00:00:00,2020/03/26 12:00:00
1256,17,602,2020/03/26 12:00:00,2020/03/27 00:00:00
1257,17,602,2020/03/27 00:00:00,2020/03/27 12:00:00
1258,17,602,2020/03/27 12:00:00,2020/03/28 00:00:00
1259,17,602,2020/03/28 00:00:00,2020/03/28 12:00:00
1260,17,602,2020/03/28 12:00:00,2020/03/29 00:00:00
1261,17,602,2020/03/29 00:00:00,2020/03/29 12:00:00
1262,17,602,2020/03/29 12:00:00,2020/03/30 00:00:00
1263,17,602,2020/03/30 00:00:00,2020/03/30 12:00:00
1264,17,602,2020/03/30 12:00:00,2020/03/31 00:00:00
1265,17,602,2020/03/31 00:00:00,2020/03/31 12:00:00
1266,17,602,2020/03/31 12:00:00,2020/04/01 00:00:00
1267,17,602,2020/04/01 00:00:00,2020/04/01 12:00:00
1268,17,602,2020/04/01 12:00:00,2020/04/02 00:00:00
1269,17,602,2020/04/02 00:00:00,2020/04/02 12:00:00
1270,17,602,2020/04/02 12:00:00,2020/04/03 00:00:00
1271,17,602,2020/04/03 00:00:00,2020/04/03 12:00:00
1272,17,602,2020/04/03 12:00:00,2020/04/04 00:00:00
1273,17,602,2020/04/04 00:00:00,2020/04/04 12:00:00
1274,17,602,2020/04/04 12:00:00,2020/04/05 00:00:00
1275,17,602,2020/04/05 00:00:00,2020/04/05 12:00:00
1276,17,602,2020/04/05 12:00:00,2020/04/06 00:00:00
1277,17,602,2020/04/06 00:00:00,2020/04/06 12:00:00
1278,17,602,2020/04/06 12:00:00,2020/04/07 00:00:00
1279,17,602,2020/04/07 00:00:00,2020/04/07 12:00:00
1280,17,602,2020/04/07 12:00:00,2020/04/08 00:00:00
1281,17,602,2020/04/08 00:00:00,2020/04/08 12:00:00
1282,17,602,2020/04/08 12:00:00,2020/04/09 00:00:00
1283,17,602,2020/04/09 00:00:00,2020/04/09 12:00:00
1284,17,602,2020/04/09 12:00:00,2020/04/10 00:00:00
1285,17,602,2020/04/10 00:00:00,2020/04/10 12:00:00
1286,17,602,2020/04/10 12:00:00,2020/04/11 00:00:00
1287,17,602,2020/04/11 00:00:00,2020/04/11 12:00:00
1288,17,602,2020/04/11 12:00:00,2020/04/12 00:00:00
1289,17,602,2020/04/12 00:00:00,2020/04/12 12:00:00
1290,17,602,2020/04/12 12:00:00,2020/04/13 00:00:00
1291,17,602,2020/04/13 00:00:00,2020/04/13 12:00:00
1292,17,602,2020/04/13 12:00:00,2020/04/14 00:00:00
1293,17,602,2020/04/14 00:00:00,2020/04/14 12:00:00
1294,17,602,2020/04/14 12:00:00,2020/04/15 00:00:00
1295,17,602,2020/04/15 00:00:00,2020/04/15 12:00:00
1296,17,602,2020/04/15 12:00:00,2020/04/16 00:00:00
1297,17,602,2020/04/16 00:00:00,2020/04/16 12:00:00
1298,17,602,2020/04/16 12:00:00,2020/04/17 00:00:00
1299,17,602,2020/04/17 00:00:00,2020/04/17 12:00:00
1300,17,602,2020/04/17 12:00:00,2020/04/18 00:00:00
1301,17,602,2020/04/18 00:00:00,2020/04/18 12:00:00
1302,17,602,2020/04/18 12:00:00,2020/04/21 00:00:00
1303,17,602,2020/04/21 00:00:00,2020/04/21 12:00:00
1304,17,602,2020/04/21 12:00:00,2020/04/22 00:00:00
1305,17,602,2020/04/22 00:00:00,2020/04/22 12:00:00
1306,17,602,2020/04/22 12:00:00,2020/04/23 00:00:00
1307,17,602,2020/04/23 00:00:00,2020/04/23 12:00:00
1308,17,602,2020/04/23 12:00:00,2020/04/24 00:00:00
1309,17,602,2020/04/24 00:00:00,2020/04/24 12:00:00
1310,17,602,2020/04/24 12:00:00,2020/04/25 00:00:00
1311,17,602,2020/04/25 00:00:00,2020/04/25 12:00:00
1312,17,602,2020/04/25 12:00:00,2020/04/26 00:00:00
1313,17,602,2020/04/26 00:00:00,2020/04/26 12:00:00
1314,17,602,2020/04/26 12:00:00,2020/04/27 00:00:00
1315,17,602,2020/04/27 00:00:00,2020/04/27 12:00:00
1316,17,602,2020/04/27 12:00:00,2020/04/28 00:00:00
1317,17,602,2020/04/28 00:00:00,2020/04/28 12:00:00
1318,17,602,2020/04/28 12:00:00,2020/04/29 00:00:00
1319,17,602,2020/04/29 00:00:00,2020/04/29 12:00:00
1320,17,602,2020/04/29 12:00:00,2020/04/30 00:00:00
1321,17,602,2020/04/30 00:00:00,2020/04/30 12:00:00
1322,17,602,2020/04/30 12:00:00,2020/05/01 00:00:00
1323,17,602,2020/05/01 00:00:00,2020/05/01 12:00:00
1324,17,602,2020/05/01 12:00:00,2020/05/02 00:00:00
1325,17,602,2020/05/02 00:00:00,2020/05/02 12:00:00
1326,17,602,2020/05/02 12:00:00,2020/05/03 00:00:00
1327,17,602,2020/05/03 00:00:00,2020/05/03 12:00:00
1328,17,602,2020/05/03 12:00:00,2020/05/04 00:00:00
1329,17,602,2020/05/04 00:00:00,2020/05/04 12:00:00
1330,17,602,2020/05/04 12:00:00,2020/05/05 00:00:00
1331,17,602,2020/05/05 00:00:00,2020/05/05 12:00:00
1332,17,602,2020/05/05 12:00:00,2020/05/06 00:00:00
1333,17,602,2020/05/06 00:00:00,2020/05/06 12:00:00
1334,17,602,2020/05/06 12:00:00,2020/05/07 00:00:00
1335,17,602,2020/05/07 00:00:00,2020/05/07 12:00:00
1336,17,602,2020/05/07 12:00:00,2020/05/08 00:00:00
1337,17,602,2020/05/08 00:00:00,2020/05/08 12:00:00
1338,17,602,2020/05/08 12:00:00,2020/05/09 00:00:00
1339,17,602,2020/05/09 00:00:00,2020/05/09 12:00:00
1340,17,602,2020/05/09 12:00:00,2020/05/10 00:00:00
1341,17,602,2020/05/10 00:00:00,2020/05/10 12:00:00
1342,17,602,2020/05/10 12:00:00,2020/05/11 00:00:00
1343,17,602,2020/05/11 00:00:00,2020/05/11 12:00:00
1344,17,602,2020/05/11 12:00:00,2020/05/12 00:00:00
1345,17,602,2020/05/12 00:00:00,2020/05/12 12:00:00
1346,17,602,2020/05/12 12:00:00,2020/05/13 00:00:00
1347,17,602,2020/05/13 00:00:00,2020/05/13 12:00:00
1348,17,602,2020/05/13 12:00:00,2020/05/14 00:00:00
1349,17,602,2020/05/14 00:00:00,2020/05/14 12:00:00
1350,17,602,2020/05/14 12:00:00,2020/05/15 00:00:00
1351,17,602,2020/05/15 00:00:00,2020/05/15 12:00:00
1352,17,602,2020/05/15 12:00:00,2020/05/16 00:00:00
1353,18,603,2020/03/23 00:00:00,2020/03/23 12:00:00
1354,18,603,2020/03/23 12:00:00,2020/03/24 00:00:00
1355,18,603,2020/03/24 00:00:00,2020/03/24 12:00:00
1356,18,603,2020/03/24 12:00:00,2020/03/25 00:00:00
1357,18,603,2020/03/25 00:00:00,2020/03/25 12:00:00
1358,18,603,2020/03/25 12:00:00,2020/03/26 00:00:00
1359,18,603,2020/03/26 00:00:00,2020/03/26 12:00:00
1360,18,603,2020/03/26 12:00:00,2020/03/27 00:00:00
1361,18,603,2020/03/27 00:00:00,2020/03/27 12:00:00
1362,18,603,2020/03/27 12:00:00,2020/03/28 00:00:00
1363,18,603,2020/03/28 00:00:00,2020/03/28 12:00:00
1364,18,603,2020/03/28 12:00:00,2020/03/29 00:00:00
1365,18,603,2020/03/29 00:00:00,2020/03/29 12:00:00
1366,18,603,2020/03/29 12:00:00,2020/03/30 00:00:00
1367,18,603,2020/03/30 00:00:00,2020/03/30 12:00:00
1368,18,603,2020/03/30 12:00:00,2020/03/31 00:00:00
1369,18,603,2020/03/31 00:00:00,2020/03/31 12:00:00
1370,18,603,2020/03/31 12:00:00,2020/04/01 00:00:00
1371,18,603,2020/04/01 00:00:00,2020/04/01 12:00:00
1372,18,603,2020/04/01 12:00:00,2020/04/02 00:00:00
1373,18,603,2020/04/02 00:00:00,2020/04/02 12:00:00
1374,18,603,2020/04/02 12:00:00,2020/04/03 00:00:00
1375,18,603,2020/04/03 00:00:00,2020/04/03 12:00:00
1376,18,603,2020/04/03 12:00:00,2020/04/04 00:00:00
1377,18,603,2020/04/04 00:00:00,2020/04/04 12:00:00
1378,18,603,2020/04/04 12:00:00,2020/04/05 00:00:00
1379,18,603,2020/04/05 00:00:00,2020/04/05 12:00:00
1380,18,603,2020/04/05 12:00:00,2020/04/06 00:00:00
1381,18,603,2020/04/06 00:00:00,2020/04/06 12:00:00
1382,18,603,2020/04/06 12:00:00,2020/04/07 00:00:00
1383,18,603,2020/04/07 00:00:00,2020/04/07 12:00:00
1384,18,603,2020/04/07 12:00:00,2020/04/08 00:00:00
1385,18,603,2020/04/08 00:00:00,2020/04/08 12:00:00
1386,18,603,2020/04/08 12:00:00,2020/04/09 00:00:00
1387,18,603,2020/04/09 00:00:00,2020/04/09 12:00:00
1388,18,603,2020/04/09 12:00:00,2020/04/10 00:00:00
1389,18,603,2020/04/10 00:00:00,2020/04/10 12:00:00
1390,18,603,2020/04/10 12:00:00,2020/04/11 00:00:00
1391,18,603,2020/04/11 00:00:00,2020/04/11 12:00:00
1392,18,603,2020/04/11 12:00:00,2020/04/12 00:00:00
1393,18,603,2020/04/12 00:00:00,2020/04/12 12:00:00
1394,18,603,2020/04/12 12:00:00,2020/04/13 00:00:00
1395,18,603,2020/04/13 00:00:00,2020/04/13 12:00:00
1396,18,603,2020/04/13 12:00:00,2020/04/14 00:00:00
1397,18,603,2020/04/14 00:00:00,2020/04/14 12:00:00
1398,18,603,2020/04/14 12:00:00,2020/04/15 00:00:00
1399,18,603,2020/04/15 00:00:00,2020/04/15 12:00:00
1400,18,603,2020/04/15 12:00:00,2020/04/16 00:00:00
1401,18,603,2020/04/16 00:00:00,2020/04/16 12:00:00
1402,18,603,2020/04/16 12:00:00,2020/04/17 00:00:00
1403,18,603,2020/04/17 00:00:00,2020/04/17 12:00:00
1404,18,603,2020/04/17 12:00:00,2020/04/18 00:00:00
1405,18,603,2020/04/18 00:00:00,2020/04/18 12:00:00
1406,18,603,2020/04/18 12:00:00,2020/04/21 00:00:00
1407,18,603,2020/04/21 00:00:00,2020/04/21 12:00:00
1408,18,603,2020/04/21 12:00:00,2020/04/22 00:00:00
1409,18,603,2020/04/22 00:00:00,2020/04/22 12:00:00
1410,18,603,2020/04/22 12:00:00,2020/04/23 00:00:00
1411,18,603,2020/04/23 00:00:00,2020/04/23 12:00:00
1412,18,603,2020/04/23 12:00:00,2020/04/24 00:00:00
1413,18,603,2020/04/24 00:00:00,2020/04/24 12:00:00
1414,18,603,2020/04/24 12:00:00,2020/04/25 00:00:00
1415,18,603,2020/04/25 00:00:00,2020/04/25 12:00:00
1416,18,603,2020/04/25 12:00:00,2020/04/26 00:00:00
1417,18,603,2020/04/26 00:00:00,2020/04/26 12:00:00
1418,18,603,2020/04/26 12:00:00,2020/04/27 00:00:00
1419,18,603,2020/04/27 00:00:00,2020/04/27 12:00:00
1420,18,603,2020/04/27 12:00:00,2020/04/28 00:00:00
1421,18,603,2020/04/28 00:00:00,2020/04/28 12:00:00
1422,18,603,2020/04/28 12:00:00,2020/04/29 00:00:00
1423,18,603,2020/04/29 00:00:00,2020/04/29 12:00:00
1424,18,603,2020/04/29 12:00:00,2020/04/30 00:00:00
1425,18,603,2020/04/30 00:00:00,2020/04/30 12:00:00
1426,18,603,2020/04/30 12:00:00,2020/05/01 00:00:00
1427,18,603,2020/05/01 00:00:00,2020/05/01 12:00:00
1428,18,603,2020/05/01 12:00:00,2020/05/02 00:00:00
1429,18,603,2020/05/02 00:00:00,2020/05/02 12:00:00
1430,18,603,2020/05/02 12:00:00,2020/05/03 00:00:00
1431,18,603,2020/05/03 00:00:00,2020/05/03 12:00:00
1432,18,603,2020/05/03 12:00:00,2020/05/04 00:00:00
1433,18,603,2020/05/04 00:00:00,2020/05/04 12:00:00
1434,18,603,2020/05/04 12:00:00,2020/05/05 00:00:00
1435,18,603,2020/05/05 00:00:00,2020/05/05 12:00:00
1436,18,603,2020/05/05 12:00:00,2020/05/06 00:00:00
1437,18,603,2020/05/06 00:00:00,2020/05/06 12:00:00
1438,18,603,2020/05/06 12:00:00,2020/05/07 00:00:00
1439,18,603,2020/05/07 00:00:00,2020/05/07 12:00:00
1440,18,603,2020/05/07 12:00:00,2020/05/08 00:00:00
1441,18,603,2020/05/08 00:00:00,2020/05/08 12:00:00
1442,18,603,2020/05/08 12:00:00,2020/05/09 00:00:00
1443,18,603,2020/05/09 00:00:00,2020/05/09 12:00:00
1444,18,603,2020/05/09 12:00:00,2020/05/10 00:00:00
1445,18,603,2020/05/10 00:00:00,2020/05/10 12:00:00
1446,18,603,2020/05/10 12:00:00,2020/05/11 00:00:00
1447,18,603,2020/05/11 00:00:00,2020/05/11 12:00:00
1448,18,603,2020/05/11 12:00:00,2020/05/12 00:00:00
1449,18,603,2020/05/12 00:00:00,2020/05/12 12:00:00
1450,18,603,2020/05/12 12:00:00,2020/05/13 00:00:00
1451,18,603,2020/05/13 00:00:00,2020/05/13 12:00:00
1452,18,603,2020/05/13 12:00:00,2020/05/14 00:00:00
1453,18,603,2020/05/14 00:00:00,2020/05/14 12:00:00
1454,18,603,2020/05/14 12:00:00,2020/05/15 00:00:00
1455,18,603,2020/05/15 00:00:00,2020/05/15 12:00:00
1456,18,603,2020/05/15 12:00:00,2020/05/16 00:00:00